idCard;Amount_of_money;Account_number;Corr_account;BIK;idClient;idBank
3001;51891;7386755113054860;4035189798039990;798039990;1001;11
3002;650642;4337631218777490;3345985602058270;602058270;1002;12
3003;759115;5743529691215960;1755652642591330;642591330;1003;13
3004;157024;9173568709899960;3081929093090830;093090830;1004;14
3005;480812;5442450939795710;5885031606093170;606093170;1005;15
3006;894400;8123434756036980;7136281055445910;055445910;1006;16
3007;686290;6015532073057040;1839211163485470;163485470;1007;17
3008;650159;9685327651867000;1246031094144350;094144350;1008;18
3009;427436;3831807653965620;6110912009885900;009885900;1009;19
3010;26451;8457603520329560;3023989069728630;069728630;1010;20
3011;624363;3036753412347180;8615269515851230;515851230;1011;21
3012;83252;9233618806912570;3051470458577840;458577840;1012;22
3013;636210;2980628934247330;3948826624298190;624298190;1013;23
3014;125959;6921794229277990;8648768998909250;998909250;1014;24
3015;398347;9708983815580970;2623065631868990;631868990;1015;25
3016;793771;8301049545171440;5865507485829990;485829990;1016;26
3017;657243;8397860089482390;8873782885180200;885180200;1017;27
3018;855096;7941043835258410;3456018731081190;731081190;1018;28
3019;84230;5088482033305380;2991714004583700;004583700;1019;29
3020;366246;9085752292600610;2589293022588780;022588780;1020;30
3021;299435;9732738264620640;9477619997710550;997710550;1021;31
3022;99661;7776598195150820;5875367465213890;465213890;1022;32
3023;87104;6472030871195120;1573857901716210;901716210;1023;33
3024;397909;2086215164118680;2697846208193970;208193970;1024;34
3025;333599;3040879610999710;9502161035224920;035224920;1025;35
3026;859720;4213757564174020;1462632881431420;881431420;1026;36
3027;469285;9561822193788260;5951412838732900;838732900;1027;37
3028;514307;1288627101853270;9376043548017780;548017780;1028;38
3029;445586;7098380269794780;7033523935352170;935352170;1029;39
3030;390212;3451031694510920;5299328091095820;091095820;1030;40
3031;528441;2994440033674490;5337710720772260;720772260;1031;41
3032;634936;8469131131687700;1456550016713290;016713290;1032;42
3033;439413;9237690731218290;9768829283120390;283120390;1033;43
3034;591593;9812595464260300;2855608472327500;472327500;1034;44
3035;625717;4374676412752860;5081263659649810;659649810;1035;45
3036;488859;3016310732298480;1830037882931900;882931900;1036;46
3037;690385;6990876123918930;7897754734180780;734180780;1037;47
3038;650444;6585957677889380;3069987707105540;707105540;1038;48
3039;263859;1497766005271360;3152355959625850;959625850;1039;49
3040;380339;5989038064027740;1098139824307870;824307870;1040;50
3041;848222;8403327720914660;8834905010667220;010667220;1041;51
3042;930110;8652230470169720;6349233151590780;151590780;1042;52
3043;415342;9328472894585070;5365500627336820;627336820;1043;53
3044;204455;6699614163434180;7684403117292630;117292630;1044;54
3045;790180;4654106681546190;8143715421647010;421647010;1045;55
3046;111313;4242631758913750;4444252016044090;016044090;1046;56
3047;100489;9715202823340080;8197688773074110;773074110;1047;57
3048;712733;9635748683416620;5852259424431680;424431680;1048;58
3049;824184;3518374520589740;6725463376513800;376513800;1049;59
3050;582789;1591548401382600;5172641396950850;396950850;1050;60
3051;215603;1114146376357150;5817804327340980;327340980;1051;61
3052;28769;8255513330064670;5154303184367800;184367800;1052;62
3053;141943;4152708347125970;3422002636589530;636589530;1053;63
3054;81902;1894155682931620;3149881329989430;329989430;1054;64
3055;611086;6110344600575710;8643695309356000;309356000;1055;65
3056;413856;2176088952030430;5881590499124420;499124420;1056;66
3057;522085;6272979825181900;4522085623665960;623665960;1057;67
3058;585277;6339550789031890;9220275399275140;399275140;1058;68
3059;419566;2594110012392730;6657748638816330;638816330;1059;69
3060;282604;6466937944545500;5973741007302350;007302350;1060;70
3061;283272;2874543121810760;2039403050232340;050232340;1061;71
3062;449418;9327113364633430;4394785978294210;978294210;1062;72
3063;634026;6902495695418590;2449006335738180;335738180;1063;73
3064;468571;1212977709425000;1226656777692560;777692560;1064;74
3065;487335;4515758058189930;1786858580148430;580148430;1065;75
3066;801342;4876142115250940;1510873087646620;087646620;1066;76
3067;935922;1009138054289770;3768348908014220;908014220;1067;77
3068;739884;1560921541561090;1172332126368690;126368690;1068;78
3069;392391;5111067123817170;7184356052409710;052409710;1069;79
3070;179193;1426355839127480;1335354728863910;728863910;1070;80
3071;773314;9465687464400880;4720981210148020;210148020;1071;81
3072;564866;9366194331186220;8905383915556670;915556670;1072;82
3073;155970;4323530813202190;8018754495178850;495178850;1073;83
3074;422878;9692622083695360;5340791642328620;642328620;1074;84
3075;688988;7572432647234720;4310917680337690;680337690;1075;85
3076;127659;8813773678539250;9557425143847550;143847550;1076;86
3077;788145;5497068901262010;2244395130033990;130033990;1077;87
3078;814685;7479492778318450;1981869031880490;031880490;1078;88
3079;898580;8541421542804820;5124308656150250;656150250;1079;89
3080;593854;5912543386919730;2495894452691370;452691370;1080;90
3081;354650;3785739025840800;7250773427917030;427917030;1081;91
3082;469906;8834608794816690;2034734271773670;271773670;1082;92
3083;118704;2863295438121820;6650517360029820;360029820;1083;93
3084;626108;7867438347434100;4612069956446810;956446810;1084;94
3085;430008;7518283049330850;4018014786821400;786821400;1085;95
3086;977474;9663653293610880;6738418745094860;745094860;1086;96
3087;645076;9656772174208020;1179313237443700;237443700;1087;97
3088;149774;1314193287387860;6127144522098680;522098680;1088;98
3089;800659;8217233820261500;7063137599318640;599318640;1089;99
3090;290570;9495286317201660;4656189436675880;436675880;1090;100
3091;680638;2368903833258570;6072984717241670;717241670;1091;101
3092;368528;4664014470032510;9432062504855130;504855130;1092;102
3093;418078;3345598383271100;5320912536225910;536225910;1093;103
3094;867267;8141737479666510;1028536350853620;350853620;1094;104
3095;913683;5414382630583070;7366693542112540;542112540;1095;105
3096;29989;6327293979801920;9004029650513790;650513790;1096;106
3097;601908;4631001012198030;6673372907409150;907409150;1097;107
3098;61139;5078597269193410;9908357834560570;834560570;1098;108
3099;345981;3202639920042410;9774096877933920;877933920;1099;109
3100;941348;7488516482612610;4587468989285860;989285860;1100;110
3101;493078;2671818093897190;3749407795172380;795172380;1101;111
3102;761898;8605837235300330;4863403118981300;118981300;1102;112
3103;370903;3741003240448410;6804247666249290;666249290;1103;113
3104;734988;1437958141349270;3398815975026630;975026630;1104;114
3105;756932;6581589860560680;3671823750917010;750917010;1105;115
3106;286009;7941197941506380;2189167930236410;930236410;1106;116
3107;101549;8402259894380150;7363789665187790;665187790;1107;117
3108;884116;3492028778060250;7148881500959510;500959510;1108;118
3109;536354;1787477360262690;6776432276986500;276986500;1109;119
3110;517323;8935416918047580;9812754608004420;608004420;1110;120
3111;948867;6555016439704350;3524400327565690;327565690;1111;121
3112;968383;8895446992236950;8746611618653940;618653940;1112;122
3113;654891;2151784001565620;6412246984537010;984537010;1113;123
3114;297697;7826869969106810;5004553667882160;667882160;1114;124
3115;449784;2464613227142860;3362659509123240;509123240;1115;125
3116;189509;4162694965270700;6943586286707600;286707600;1116;126
3117;69880;5319603599920790;1428586463705030;463705030;1117;127
3118;67624;9954825322112440;6252497203116900;203116900;1118;128
3119;345327;2263611963878010;4058089957342270;957342270;1119;129
3120;136912;1530417909497900;4551930465242840;465242840;1120;130
3121;575571;1322152407048490;2495805325431790;325431790;1121;131
3122;756851;3659489979352390;8170565765182180;765182180;1122;132
3123;908752;2731896681199440;4626885427422390;427422390;1123;133
3124;803330;4555805864722980;3395146095794120;095794120;1124;134
3125;756253;5942719333188810;4673402350146980;350146980;1125;135
3126;925009;2114387871003950;1053399365781760;365781760;1126;136
3127;523663;2083399893170610;6191993168675650;168675650;1127;137
3128;850441;4867578385620460;2850388140624990;140624990;1128;138
3129;189381;8643379100611050;1218303361518390;361518390;1129;139
3130;152236;7080724684850380;8695116597173970;597173970;1130;140
3131;512143;5969286685547990;6304325958746040;958746040;1131;141
3132;124500;7897886228257420;6717370196535520;196535520;1132;142
3133;898697;6651647845375300;5721231751815840;751815840;1133;143
3134;679808;5211864550910080;6279693585064950;585064950;1134;144
3135;212878;8290407029506720;2380578421756550;421756550;1135;145
3136;421956;2673258587736400;9957111327274930;327274930;1136;146
3137;57356;7160550091660600;6860999887271440;887271440;1137;147
3138;300751;4964739480106820;4122308114108580;114108580;1138;148
3139;309276;6653236617056420;9825346267823230;267823230;1139;149
3140;505074;9358485583032770;6967718839461930;839461930;1140;150
3141;941058;6406964193518490;3346596822546700;822546700;1141;151
3142;500479;9503829152965020;2688271058172670;058172670;1142;152
3143;407601;6850348737320160;9708230993569910;993569910;1143;153
3144;367570;5043850876722630;3115604626457240;626457240;1144;154
3145;131158;4569878443508870;3284687371024270;371024270;1145;155
3146;847413;5560342099917860;6211883255397480;255397480;1146;156
3147;865092;8661428463841310;1014944143898460;143898460;1147;157
3148;750227;2382665213084830;9210670761089160;761089160;1148;158
3149;967809;8368665118784110;4727660023905200;023905200;1149;159
3150;633605;7982340640993640;9603790491619670;491619670;1150;160
3151;868088;1670256842560200;5278676270153560;270153560;1151;161
3152;906523;6945570192704540;2915620327210040;327210040;1152;162
3153;253070;5060440383571900;7213468829382630;829382630;1153;163
3154;765367;5635234114064660;7595189026208390;026208390;1154;164
3155;760156;8343188721343460;7473509883799510;883799510;1155;165
3156;618257;5620594791161290;9835992365233860;365233860;1156;166
3157;204047;7234263056086190;6763346593317380;593317380;1157;167
3158;903892;7162453238597510;9335380445396020;445396020;1158;168
3159;620215;3615410771689730;6463837033226420;033226420;1159;169
3160;461176;5815560297490630;3782210413002140;413002140;1160;170
3161;656004;6052334931622830;2797736298948540;298948540;1161;171
3162;855883;8625444440126730;1017901563307660;563307660;1162;172
3163;90659;5310599481978750;1730164662748260;662748260;1163;173
3164;320593;7602795975399870;6771206976986040;976986040;1164;174
3165;515497;8608769151393250;8017946716131590;716131590;1165;175
3166;214172;9849617259044660;1000436039139640;039139640;1166;176
3167;455487;5729470809488960;2419659983342850;983342850;1167;177
3168;157019;7243853804761950;6587590692040820;692040820;1168;178
3169;463494;6553780454945950;2488035600931890;600931890;1169;179
3170;248354;7926372954097370;4109678618217140;618217140;1170;180
3171;968420;9772623355881960;4892443446407360;446407360;1171;181
3172;21784;3433274449271210;9110687882525210;882525210;1172;182
3173;908505;8414478603022700;1440123740879760;740879760;1173;183
3174;45402;5206985065818260;4605677465884690;465884690;1174;184
3175;431033;7021528902692400;5717351188925730;188925730;1175;185
3176;322665;9161038929322770;6061223822821040;822821040;1176;186
3177;189700;3339815191062710;1512230266423770;266423770;1177;187
3178;900302;2955452957582940;2964691522757440;522757440;1178;188
3179;20878;7406844035987120;4610248928666160;928666160;1179;189
3180;339507;3229041372552510;2753584482199880;482199880;1180;190
3181;30043;5506691497822020;4551990639910540;639910540;1181;191
3182;956666;5010228330474870;6732336205338070;205338070;1182;192
3183;369607;4029225174765410;8413916906080860;906080860;1183;193
3184;989853;3278597337036450;8597189944764600;944764600;1184;194
3185;239408;1846441960978050;5810739046064060;046064060;1185;195
3186;97369;2234517294476470;3296735700870840;700870840;1186;196
3187;891101;9019766081806190;8535480015290730;015290730;1187;197
3188;844563;5353337194262890;6908240720834810;720834810;1188;198
3189;667710;7887631998901350;3158239277335830;277335830;1189;199
3190;85168;7044446034907280;4585381521325370;521325370;1190;200
3191;359589;9020915135798910;8533596464722410;464722410;1191;201
3192;393444;7208953205698600;5020307004187150;004187150;1192;202
3193;408028;1803103670101180;6023510982118440;982118440;1193;203
3194;953327;3514602967697100;9359586573361800;573361800;1194;204
3195;737779;4500810528449220;7172406095465960;095465960;1195;205
3196;560875;3113968465406710;7115808796834170;796834170;1196;206
3197;249728;3024024129847870;3224303830942480;830942480;1197;207
3198;646242;9379438577138400;4843630392917530;392917530;1198;208
3199;254980;8907229091819530;9175748963526110;963526110;1199;209
3200;471428;4871430571227970;5893601933301870;933301870;1200;210
3201;381594;4835754637945520;3193022670099410;670099410;1201;211
3202;910069;1156347068365740;5740772726351180;726351180;1202;212
3203;735230;2186335237009710;2885069054089250;054089250;1203;213
3204;465497;2715792027146610;5009400850851880;850851880;1204;214
3205;344946;3299636058410130;3428327792194330;792194330;1205;215
3206;433344;1014134292488910;2827013597294680;597294680;1206;216
3207;175412;5533987419163470;8162935452136570;452136570;1207;217
3208;364919;8145136628511290;3228449156045720;156045720;1208;218
3209;236768;7761023106683820;2201009221673760;221673760;1209;219
3210;237614;9272847636891790;4528819063392130;063392130;1210;220
3211;573393;8629787144195150;3298292266292480;266292480;1211;221
3212;988603;7310872903683790;5097953151919490;151919490;1212;222
3213;162834;7222509815798450;9278231520291650;520291650;1213;223
3214;318057;3689337524465240;7226149572941920;572941920;1214;224
3215;6137;2275865976206330;6836858247813330;247813330;1215;225
3216;918154;3086773047738830;2899406184474440;184474440;1216;226
3217;940834;1992005902578470;7926745392042220;392042220;1217;227
3218;534108;2349204539125210;6700308874916890;874916890;1218;228
3219;957837;5321022643402670;7232701529633780;529633780;1219;229
3220;513494;9707278994176800;5877011195878440;195878440;1220;230
3221;53492;8386177693674430;2539138814097970;814097970;1221;231
3222;750087;8936097279052480;2626505158397830;158397830;1222;232
3223;898036;5305554552403730;7562535951389870;951389870;1223;233
3224;178495;4632039167121370;2549208100986540;100986540;1224;234
3225;851702;9669643991425900;6954863904022230;904022230;1225;235
3226;225820;9534884008437490;5475842966718950;966718950;1226;236
3227;109752;5375022084193030;5482014179010260;179010260;1227;237
3228;876597;7857973655968790;1510373364556370;364556370;1228;238
3229;7642;6067426617194440;3757142809336780;809336780;1229;239
3230;257267;7938019978280290;9865985282882800;282882800;1230;240
3231;767609;6931832411157880;4732501447907270;447907270;1231;241
3232;896434;6420354004810130;2725078076930780;076930780;1232;242
3233;217907;5573384885941130;4297670918440440;918440440;1233;243
3234;67144;3775102979871440;1074832867351330;867351330;1234;244
3235;265955;5310674577895310;5376163141687920;141687920;1235;245
3236;867461;1191849214126740;9062934982904660;982904660;1236;246
3237;156631;9925798536583620;3498378388771960;388771960;1237;247
3238;945554;6401941352395760;2946288345946660;345946660;1238;248
3239;796989;7845328362947560;1480041509322270;509322270;1239;249
3240;25580;2646626188913980;1351412014872280;014872280;1240;250
3241;678611;1743364347150490;4705195064474030;064474030;1241;251
3242;640601;2744192286289320;5634951173796630;173796630;1242;252
3243;178886;1521806016204120;7580956567884130;567884130;1243;253
3244;728763;3031344051011770;1416131889634300;889634300;1244;254
3245;272433;3435868177145100;3351206481800180;481800180;1245;255
3246;999029;3124093644077080;5773326852948060;852948060;1246;256
3247;933928;5359832597674140;5827777597887050;597887050;1247;257
3248;222675;7255226372326870;9006839189170750;189170750;1248;258
3249;763597;5775819599174410;7593080739186150;739186150;1249;259
3250;856834;4970163273394170;3494953736525520;736525520;1250;260
3251;616614;8152036924909990;7733687647089150;647089150;1251;261
3252;656303;6392334758203620;6056681812895990;812895990;1252;262
3253;267644;7658105672283090;2570949032935610;032935610;1253;263
3254;179898;1006983960868370;8661879711315480;711315480;1254;264
3255;391804;2335693862983270;2162181291391700;291391700;1255;265
3256;347580;2943136412023680;6235902695317430;695317430;1256;266
3257;393276;5655713415737950;8794703587320240;587320240;1257;267
3258;454612;9732325144389210;8409510397519770;397519770;1258;268
3259;862829;5118407793909270;5782896562873390;562873390;1259;269
3260;299007;7584348388950440;2506376984473240;984473240;1260;270
3261;695488;3239819324119090;9024681000952300;000952300;1261;271
3262;328497;3482439182139670;1491694510902300;510902300;1262;272
3263;149622;4149757705806040;4489417775607170;775607170;1263;273
3264;963284;8695748080389960;3162387305625950;305625950;1264;274
3265;378684;4513057817916940;8607540232765040;232765040;1265;275
3266;500832;7446660125954310;9681435479959830;479959830;1266;276
3267;216846;9915479385557100;7562522453681140;453681140;1267;277
3268;258927;8809708069367610;4199559494517620;494517620;1268;278
3269;249811;7864880242587280;8903122631273300;631273300;1269;279
3270;863280;6850638631167240;3421912063262660;063262660;1270;280
3271;452012;6497175689378580;6682344047091190;047091190;1271;281
3272;835901;9556839894131330;7810461120213890;120213890;1272;282
3273;921480;6658297382822330;2842277590423350;590423350;1273;283
3274;890512;1936078594758180;1207278780526700;780526700;1274;284
3275;493609;1520485392944510;5416270857290730;857290730;1275;285
3276;591237;5922903466529470;8378299940278000;940278000;1276;286
3277;265087;2720414300492230;1750235697852620;697852620;1277;287
3278;280829;9093595177591860;1397904706621830;706621830;1278;288
3279;309226;2942756291789150;3617335847114910;847114910;1279;289
3280;434667;7487980834927080;9590929271024140;271024140;1280;290
3281;113948;7973960900760580;5807391844200400;844200400;1281;291
3282;846796;2191732206511860;3973877399295120;399295120;1282;292
3283;523682;8587683414717010;5797808634863000;634863000;1283;293
3284;304239;2156637403951140;2920981084232590;084232590;1284;294
3285;216414;7506932478075450;3747447278739540;278739540;1285;295
3286;655853;6472317154408610;5506871956781590;956781590;1286;296
3287;997145;7848739219186330;4117280955779820;955779820;1287;297
3288;431948;9965497180793950;2691100437140020;437140020;1288;298
3289;439001;8473012088805680;3731768792459350;792459350;1289;299
3290;420953;3082748915829490;9804369714494480;714494480;1290;300
3291;653259;2705960885953580;8052468355978150;355978150;1291;301
3292;859358;4002882831830870;3716457528498570;528498570;1292;302
3293;219514;2451893311319840;6759272389266550;389266550;1293;303
3294;141181;8534424958542800;6739511754774580;754774580;1294;304
3295;557271;3867434720529660;8260211356280700;356280700;1295;305
3296;203230;1000181168103090;6965384389486630;389486630;1296;306
3297;270173;7946004801256740;6149204876938060;876938060;1297;307
3298;992381;1103911498742330;7319572116903830;116903830;1298;308
3299;244154;3867569751447310;9136607542481460;542481460;1299;309
3300;671145;3593557980146870;8276976813718840;813718840;1300;310
3301;530735;2567743674698330;6282232484560880;484560880;1301;311
3302;467774;7967101169560160;3884091128349900;128349900;1302;312
3303;296733;1780728973787180;5400532927055380;927055380;1303;313
3304;327128;3929651197012670;3409552302676220;302676220;1304;314
3305;371623;4463347728677220;2174658709886570;709886570;1305;315
3306;768596;2449204288836950;2676767016435700;016435700;1306;316
3307;173809;2293466238341730;5466232301641500;301641500;1307;317
3308;607276;7193567338389140;2515287566848510;566848510;1308;318
3309;47049;1560713466967560;3336078521714800;521714800;1309;319
3310;444711;6785256607482970;8932558030333950;030333950;1310;320
3311;288286;8096990947534350;9196016018956620;018956620;1311;321
3312;85380;7985471188929770;8174996768647140;768647140;1312;322
3313;398138;7503618406928260;5567111951985010;951985010;1313;323
3314;285243;1947242114028450;6627459938401370;938401370;1314;324
3315;335292;6601239865676650;4357787563737430;563737430;1315;325
3316;488552;7190482780300850;3709849636894660;636894660;1316;326
3317;806054;2063779146204270;4925453256376270;256376270;1317;327
3318;459199;9687708106704700;7185757263907380;263907380;1318;328
3319;870308;7679555430913320;6099743507794440;507794440;1319;329
3320;962849;1625771293059310;7914906761663120;761663120;1320;330
3321;395126;6130184907815380;3291652586416160;586416160;1321;331
3322;906094;9941591717030320;2645887261505760;261505760;1322;332
3323;137292;4248775129659320;3715274863136310;863136310;1323;333
3324;588898;7790641182747020;3998681434452480;434452480;1324;334
3325;485973;2251181867644020;8804272659725680;659725680;1325;335
3326;976572;5126088075865410;8124675675314940;675314940;1326;336
3327;146803;8213161020408200;4471417493739060;493739060;1327;337
3328;147522;4869801700766570;3354217203497360;203497360;1328;338
3329;298624;9499221296959320;3657048234504730;234504730;1329;339
3330;323040;7417459116678540;3417395681493730;681493730;1330;340
3331;4127;3451011968970580;6119124254397030;254397030;1331;341
3332;135365;6266531449871810;8057682383728930;383728930;1332;342
3333;905653;2330749613796780;1551291535040400;535040400;1333;343
3334;40285;6264142397518770;5598334485435000;485435000;1334;344
3335;487401;7582899267937420;1766526829210190;829210190;1335;345
3336;30514;6765675723224430;7377791300221690;300221690;1336;346
3337;435292;8833819287681850;2917066107936330;107936330;1337;347
3338;56103;2872225797717300;6032562344915170;344915170;1338;348
3339;875739;9486702552151950;2568432929401350;929401350;1339;349
3340;808130;9996918642013510;5827398290976320;290976320;1340;350
3341;524567;7375556272520790;6149793056021780;056021780;1341;351
3342;771922;7773167475584310;4887314330602410;330602410;1342;352
3343;27354;6049646056258780;1873607304336670;304336670;1343;353
3344;706064;9095313841212420;8024481416426360;416426360;1344;354
3345;22414;4934384630558780;2229956100648140;100648140;1345;355
3346;953428;7997687421921280;4569447497068460;497068460;1346;356
3347;707692;4616402942674500;7550771644595100;644595100;1347;357
3348;240491;8505757420032050;2039544305324630;305324630;1348;358
3349;942813;4808480430167430;7839168559894760;559894760;1349;359
3350;871189;7835201734797670;5644619572435020;572435020;1350;360
3351;167543;3267856346556710;3310406780804230;780804230;1351;361
3352;471533;8475985878338940;5458775796661440;796661440;1352;362
3353;667902;6381393363793380;7892226958838480;958838480;1353;363
3354;691282;5116795555464890;7223190425063380;425063380;1354;364
3355;971180;6876284529586140;1491392794704200;794704200;1355;365
3356;518877;1027426106848650;8599395463378730;463378730;1356;366
3357;401113;8664756932188850;3281950033249090;033249090;1357;367
3358;115917;2673855281258100;9694794336027680;336027680;1358;368
3359;74471;7242617493284860;2139984768468370;768468370;1359;369
3360;327410;5642328743113550;4644599547289940;547289940;1360;370
3361;870290;2490926686861780;5276180325022460;325022460;1361;371
3362;274061;7008406383300430;5611357040968040;040968040;1362;372
3363;153017;7942725099944910;7475296824026230;824026230;1363;373
3364;682837;9515586654057640;8828143688517800;688517800;1364;374
3365;280815;1106351109551940;2067624195861250;195861250;1365;375
3366;862065;4915957094284190;9328570860822080;860822080;1366;376
3367;180266;6379482519085990;2498696256477420;256477420;1367;377
3368;477309;8623276116205890;1192242913605370;913605370;1368;378
3369;518737;8983018601955190;1709534316283420;316283420;1369;379
3370;534285;1271786439160660;7250829277752360;277752360;1370;380
3371;255646;1708469524529220;1389067583660240;583660240;1371;381
3372;225047;7124830548358090;4675224841121610;841121610;1372;382
3373;603892;9844086437689610;4508784978272060;978272060;1373;383
3374;543713;8009331910458990;6388255864218850;864218850;1374;384
3375;682684;7863936336475110;9499717234720320;234720320;1375;385
3376;827968;9117769161255800;5454484909167160;909167160;1376;386
3377;393030;1651795171713180;1038797902276870;902276870;1377;387
3378;632598;1207356827167150;5831655299528290;299528290;1378;388
3379;297133;8578288987731130;4036113085475300;085475300;1379;389
3380;591308;3059585494653650;1898901983813980;983813980;1380;390
3381;532941;8008869692019400;2112570560950630;560950630;1381;391
3382;173070;7314378794383340;5716272536011170;536011170;1382;392
3383;45101;7684723684926090;3638889512424370;512424370;1383;393
3384;489250;9712835608670710;2340844562802900;562802900;1384;394
3385;663578;9670066033787240;5642461365569820;365569820;1385;395
3386;557769;7838888231003500;9703899364004170;364004170;1386;396
3387;811170;8330269795068580;7044615915774320;915774320;1387;397
3388;680546;9927734116445970;8037991316530980;316530980;1388;398
3389;871185;8747208209047870;7903146152233640;152233640;1389;399
3390;840468;9185033524809580;4769862829579600;829579600;1390;400
3391;496523;4036288599421770;4159631482575040;482575040;1391;401
3392;274143;6767673230752820;4388171347308730;347308730;1392;402
3393;391417;4305834690730040;2308755310000960;310000960;1393;403
3394;626694;1989601121041060;3692524072294350;072294350;1394;404
3395;347072;1939580559682550;8610651169946110;169946110;1395;405
3396;344811;7195821841120350;3284812310461260;310461260;1396;406
3397;562471;9434621799924520;4330735873737680;873737680;1397;407
3398;214361;9429340516108490;2662616677888420;677888420;1398;408
3399;531579;5492932894541990;7990199694636600;694636600;1399;409
3400;198762;1949492962075060;4025871696602530;696602530;1400;410
3401;28207;6088262554543140;5288143688413720;688413720;1401;411
3402;984391;1677288357930990;9945197289179030;289179030;1402;412
3403;969783;8859918178771350;9943030334506740;334506740;1403;413
3404;889280;3495341987307760;3716692490321760;490321760;1404;414
3405;191273;4957196562977310;1403824785540800;785540800;1405;415
3406;41335;9226227670141780;7307259009333800;009333800;1406;416
3407;410522;1161926402325380;6876061300180980;300180980;1407;417
3408;982344;2961984362158680;5627265594863580;594863580;1408;418
3409;916233;7418931269509340;6813378800407880;800407880;1409;419
3410;104005;7040000257152800;7976958529535190;529535190;1410;420
3411;759866;7117646401521660;3748704008082970;008082970;1411;421
3412;572252;1359145477445080;1030703896589830;896589830;1412;422
3413;482688;2730808790735450;6401861509022020;509022020;1413;423
3414;646095;7852339850187730;4100933653822650;653822650;1414;424
3415;659231;6126290751126990;9699130719128340;719128340;1415;425
3416;547251;6294133285845160;5935048977064840;977064840;1416;426
3417;788405;3105795923146920;7242466848877910;848877910;1417;427
3418;286806;8950787166674090;3003028298023070;298023070;1418;428
3419;313514;1804539720327600;8200873120190470;120190470;1419;429
3420;105154;2345076690093060;2707046814947060;814947060;1420;430
3421;802439;7918754997257010;7401212925910950;925910950;1421;431
3422;431473;5607273754265320;9931476826725110;826725110;1422;432
3423;569211;7379394614919300;6065898158460010;158460010;1423;433
3424;518973;2156707866472160;3133164240429190;240429190;1424;434
3425;268258;4888072252050650;3113672637483590;637483590;1425;435
3426;162187;9251287281481610;8596564543984900;543984900;1426;436
3427;242544;5721492663793520;2692761059716880;059716880;1427;437
3428;152537;4439825338894640;4085247019651660;019651660;1428;438
3429;656872;7959603323803830;1590454536552190;536552190;1429;439
3430;378426;4954256175338870;5409121749836370;749836370;1430;440
3431;697589;1353677998219860;2359008620106770;620106770;1431;441
3432;726123;7319031630344880;4881273415085320;415085320;1432;442
3433;369952;2516357932344870;1532612674831850;674831850;1433;443
3434;187670;8006421801518590;4843816680755810;680755810;1434;444
3435;674397;4538899615137100;8282728675099460;675099460;1435;445
3436;832077;8453404380308870;1878926466469190;466469190;1436;446
3437;192961;2102546468792630;7836218399563000;399563000;1437;447
3438;546037;9785186838651640;2593131827628520;827628520;1438;448
3439;367120;8531608741542580;8573681695464620;695464620;1439;449
3440;700439;9013306393301570;3413629886041220;886041220;1440;450
3441;998274;8735334491098530;6965877909369640;909369640;1441;451
3442;148898;8744587008334810;9409237680414730;680414730;1442;452
3443;752139;8600720509716330;7527922474710680;474710680;1443;453
3444;214572;1678028884706980;4611502906630500;906630500;1444;454
3445;698304;4308943300715700;3870663348131870;348131870;1445;455
3446;571512;1829061335895470;6212958760616360;760616360;1446;456
3447;166183;9922431145257290;7705948031518650;031518650;1447;457
3448;176784;7488307027920540;5239681096857990;096857990;1448;458
3449;448631;1145097555933770;1989573811419960;811419960;1449;459
3450;659641;3350859211366070;2456534110650870;110650870;1450;460
3451;134461;2394723131711930;5928425298457490;298457490;1451;461
3452;823952;1980521013405820;5232805629540960;629540960;1452;462
3453;101123;6235395293100000;9927817829084530;829084530;1453;463
3454;170183;3232542501166210;1032944302876330;302876330;1454;464
3455;448782;7766027764783700;6285928524480280;524480280;1455;465
3456;593148;1249258053838840;4302953512654400;512654400;1456;466
3457;907062;1060446395964740;5544186772683040;772683040;1457;467
3458;661793;6804318057822960;8163117747354910;747354910;1458;468
3459;495682;7328937006320340;1099925772694410;772694410;1459;469
3460;137265;1337583867812980;8518286487693060;487693060;1460;470
3461;470266;3598715850782200;2281778747190680;747190680;1461;471
3462;635508;6169139578372110;1179835600761100;600761100;1462;472
3463;834546;7094574814379970;3178379980569140;980569140;1463;473
3464;590642;3572085633474520;5201866874959860;874959860;1464;474
3465;950224;6441480809086820;5338854395764740;395764740;1465;475
3466;925374;9976654682822810;8494777542588320;542588320;1466;476
3467;25739;9016161168442640;9119988344992290;344992290;1467;477
3468;84687;6991782173832940;6501550258073210;258073210;1468;478
3469;515206;7974100104616010;5470906289057570;289057570;1469;479
3470;339068;3891271897300930;5839996716033630;716033630;1470;480
3471;708729;1953249605380500;7745582709386570;709386570;1471;481
3472;513505;8409523190716600;1102288498205680;498205680;1472;482
3473;45402;5235007237781240;5242961609412660;609412660;1473;483
3474;548528;3477405133153920;3040234479808460;479808460;1474;484
3475;930204;5291671391452290;1293439742382320;742382320;1475;485
3476;549520;9160196699029460;8980723434483800;434483800;1476;486
3477;86039;9425839518440780;2776306509846820;509846820;1477;487
3478;230571;2036871120761380;1997662312198390;312198390;1478;488
3479;722208;6822509703855430;3742857810034070;810034070;1479;489
3480;909102;2600310139368950;7448400642260400;642260400;1480;490
3481;50508;9583372781309120;7726332120443110;120443110;1481;491
3482;457525;7202109757838110;3832059280857120;280857120;1482;492
3483;930263;3120786151055120;4293658918743390;918743390;1483;493
3484;868189;5661264638040480;1479680908161880;908161880;1484;494
3485;673490;7068374509668350;7753993625443230;625443230;1485;495
3486;337848;7700145709385870;5461824737493310;737493310;1486;496
3487;291489;2001251575395130;2851295747672660;747672660;1487;497
3488;27918;5135917086843250;8632434267945080;267945080;1488;498
3489;714078;6682795603096570;2295558815573870;815573870;1489;499
3490;906760;2506166937843740;5331543245715480;245715480;1490;500
3491;762735;6834102773507860;6208913777795460;777795460;1491;501
3492;330245;7886786446272370;3126720306377950;306377950;1492;502
3493;908905;5513824322973600;8426004007001600;007001600;1493;503
3494;266857;3303151788931300;5500465089170810;089170810;1494;504
3495;98700;6780505689006110;4587166008568180;008568180;1495;505
3496;323569;4288608845767550;3638796001759610;001759610;1496;506
3497;175269;4228830344959430;8662667559363460;559363460;1497;507
3498;978751;9445827704767280;6023633017299230;017299230;1498;508
3499;680062;3984303823392460;1418178845320700;845320700;1499;509
3500;678363;7676109359954540;7575772361347760;361347760;1500;510
3501;64257;4099415778690540;7642485026229760;026229760;1501;511
3502;701680;2296345206641040;8008596843983330;843983330;1502;512
3503;591596;6378901509426240;4184399943359280;943359280;1503;513
3504;952793;6175328416332200;5570526611375850;611375850;1504;514
3505;463869;5629573962712540;4615737766225680;766225680;1505;515
3506;84143;7867357406661150;1331796030404390;030404390;1506;516
3507;950309;1289883220603060;4284592189538130;189538130;1507;517
3508;608345;9674157118054260;5181662149059770;149059770;1508;518
3509;552144;9667822754066410;3040348714585980;714585980;1509;519
3510;904524;6657867501237590;4904750499212810;499212810;1510;520
3511;483555;3379094719380730;9278822491204670;491204670;1511;521
3512;275451;4663896275855130;1121231227177510;227177510;1512;522
3513;286;1578212295830600;8468211856272190;856272190;1513;523
3514;461708;1030589303540430;4778655045814310;045814310;1514;524
3515;357167;5113543668380820;8497238854812830;854812830;1515;525
3516;269115;4847460680675380;4757764826718440;826718440;1516;526
3517;425788;8772488169770730;2879375164993930;164993930;1517;527
3518;215719;6708731101069980;8238470199020840;199020840;1518;528
3519;253580;9967822932467330;7810974275152070;275152070;1519;529
3520;354534;1636802056737420;9991971938113790;938113790;1520;530
3521;95557;2150811606790000;8614280534946550;534946550;1521;531
3522;678337;3923004661119420;8413040137640710;137640710;1522;532
3523;699955;1614030215069770;8500766975666380;975666380;1523;533
3524;762727;5146990957284830;4231450710039400;710039400;1524;534
3525;879038;1200890512658390;8736902329491640;329491640;1525;535
3526;553725;4510701836421340;1970972801355800;801355800;1526;536
3527;646302;3539434105066410;8805891002313560;002313560;1527;537
3528;456155;7748213680188910;2411060072181560;072181560;1528;538
3529;451341;7842232858883720;5847636986748770;986748770;1529;539
3530;129051;9978802532309110;4523392443268120;443268120;1530;540
3531;293612;1428160947390040;5552797155779380;155779380;1531;541
3532;644353;5587592189302000;9903266509145930;509145930;1532;542
3533;746365;6896696162760360;3822894441346310;441346310;1533;543
3534;915122;2690459019273110;2711094353831610;353831610;1534;544
3535;171973;2479108270392470;5823710295180220;295180220;1535;545
3536;549551;1679798416216370;8432600513021650;513021650;1536;546
3537;659923;8506110819993660;7243452664036400;664036400;1537;547
3538;536996;2949342241079980;5680801227738880;227738880;1538;548
3539;468705;4042209465744480;3453754970077270;970077270;1539;549
3540;422296;9319778008687890;5603205172806380;172806380;1540;550
3541;2867;7093110043730270;5836608092163970;092163970;1541;551
3542;874618;9250573026351750;9149689220809260;220809260;1542;552
3543;606474;4362880580089500;8357859383272850;383272850;1543;553
3544;807085;9858414505263300;7644262842166760;842166760;1544;554
3545;704214;2873702801624600;8310995246133930;246133930;1545;555
3546;453439;9834379039788120;1693043444632810;444632810;1546;556
3547;71425;9976793481847350;9029053392137640;392137640;1547;557
3548;57981;2771703844735360;2866904374102080;374102080;1548;558
3549;264268;3315719782683040;7913727153702420;153702420;1549;559
3550;85044;8885787239385390;2288805333198890;333198890;1550;560
3551;491307;5933301108178560;8116526257510000;257510000;1551;561
3552;104246;4162544259684650;4010623289816840;289816840;1552;562
3553;457749;9436252388344800;6502752019261880;019261880;1553;563
3554;757777;2013791060890670;7540631027529660;027529660;1554;564
3555;963591;6906021199141010;2663712370691670;370691670;1555;565
3556;465960;8798435394662780;8956888059108540;059108540;1556;566
3557;286915;2820152214540140;6214565407356050;407356050;1557;567
3558;777360;6780760007242470;1026125049270630;049270630;1558;568
3559;633601;1275621200617280;5578023442118120;442118120;1559;569
3560;519649;7403752469172480;6865003948644880;948644880;1560;570
3561;184687;9737565736263030;7176729235733430;235733430;1561;571
3562;157526;2111520846375480;6387213603389690;603389690;1562;572
3563;522641;4493203029977070;4061678311224980;311224980;1563;573
3564;13907;5509557270397860;8520387307312250;307312250;1564;574
3565;467780;3759287051890990;7244562817256080;817256080;1565;575
3566;260644;8503230777973050;1557627552976890;552976890;1566;576
3567;606111;5186153472644520;1953446691718200;691718200;1567;577
3568;835029;5451249292638500;3703744967849710;967849710;1568;578
3569;39815;7927112323830140;8378276036220490;036220490;1569;579
3570;688335;1220855130337670;9401963698156900;698156900;1570;580
3571;141642;2037306301951480;1996877171405670;171405670;1571;581
3572;22624;6819488372275040;4986793533322930;533322930;1572;582
3573;344460;4061975676960090;1589167323066930;323066930;1573;583
3574;422105;5069974398063910;3586121633330110;633330110;1574;584
3575;247215;6092995847265410;5468592676574600;676574600;1575;585
3576;35251;5427265247238170;1952560831664160;831664160;1576;586
3577;568543;3817519811507280;2571504113523400;113523400;1577;587
3578;213970;8305616234113370;2405008872874580;872874580;1578;588
3579;729288;8618515384822760;8314706039635510;039635510;1579;589
3580;266037;1122403958309890;6529557253613030;253613030;1580;590
3581;95180;6928078231913070;4286454989589560;989589560;1581;591
3582;227075;9502277171958340;9542600371774370;371774370;1582;592
3583;160917;5584244294794090;4069362066875770;066875770;1583;593
3584;808305;8007592992593150;3633502919438310;919438310;1584;594
3585;206904;1285012769413900;6274575784538210;784538210;1585;595
3586;926327;1649446298238140;4920597846843640;846843640;1586;596
3587;209892;2389420515363130;6954404218247860;218247860;1587;597
3588;471196;6148989312656820;2893662712100200;712100200;1588;598
3589;38785;4217384459760700;1685286145356640;145356640;1589;599
3590;219011;9283453380208850;9023958954220960;954220960;1590;600
3591;216847;1340076290577740;9947471012110210;012110210;1591;601
3592;45300;4245789283611170;5120446258588860;258588860;1592;602
3593;781560;6972853068836460;6813584485392390;485392390;1593;603
3594;845426;9764773312712000;9544414916539070;916539070;1594;604
3595;23397;1834675768324760;4488589998726670;998726670;1595;605
3596;818277;5092135569487000;2768172986604300;986604300;1596;606
3597;134750;8032431840984400;1252945663200350;663200350;1597;607
3598;19495;6736459506095040;2848536583169200;583169200;1598;608
3599;50258;8672641928500530;1689802984296590;984296590;1599;609
3600;340478;6956285729473310;1676061151453400;151453400;1600;610
3601;9795;4027970723138200;5048487823169670;823169670;1601;611
3602;319409;8855553127145560;4689290951390570;951390570;1602;612
3603;625371;7396279196027830;9688522669140960;669140960;1603;613
3604;440580;4484513147498050;3590823765471790;765471790;1604;614
3605;483172;5341605268741060;4293904041458440;041458440;1605;615
3606;828235;6071249609275390;8557375737483870;737483870;1606;616
3607;562029;1892828049846690;7651784523463630;523463630;1607;617
3608;491201;3144964519176170;3315394332941960;332941960;1608;618
3609;999522;8874904596206920;5443820106742510;106742510;1609;619
3610;524549;3889640599094580;7388252210237700;210237700;1610;620
3611;987003;4811347049636160;3737037848643460;848643460;1611;621
3612;924533;7103227327876800;9419693617630250;617630250;1612;622
3613;824774;8877661473873470;3923378062673710;062673710;1613;623
3614;923062;1255828596362890;4186940280028750;280028750;1614;624
3615;418663;7637989463745110;9363463275381210;275381210;1615;625
3616;997958;9899445901338130;8507392049069590;049069590;1616;626
3617;749272;2507212172701450;7320645720380890;720380890;1617;627
3618;965239;1152583131322210;6050457834460910;834460910;1618;628
3619;95109;5858249551448720;4211059279909970;279909970;1619;629
3620;809684;9282304887439500;9389119462116520;462116520;1620;630
3621;40901;9336742223425130;7208358306116790;306116790;1621;631
3622;159931;1473051061642350;4695333077458470;077458470;1622;632
3623;552291;3234298330692350;4694486482008930;482008930;1623;633
3624;564361;7328650531440030;5502025671247030;671247030;1624;634
3625;648208;3555579209776400;4735923594467890;594467890;1625;635
3626;973998;9466550619358890;2607644770510520;770510520;1626;636
3627;452133;5425483631280240;3470893947026340;947026340;1627;637
3628;88710;2351873639674500;3631104743237830;743237830;1628;638
3629;653529;2854577250054180;1397029853921570;853921570;1629;639
3630;472928;6324929375084510;4692154189273540;189273540;1630;640
3631;660665;4421631962103420;4499980447232470;447232470;1631;641
3632;597149;9527435126539190;8089158841383550;841383550;1632;642
3633;976114;1121378354675320;5702520036082350;036082350;1633;643
3634;211470;8090979546713790;5751425085941950;085941950;1634;644
3635;576140;4362493617110800;2417784001609130;001609130;1635;645
3636;707413;4891524837517650;9254401470460930;470460930;1636;646
3637;325253;4462344942198270;2291670836752190;836752190;1637;647
3638;374257;2544096685640190;7099076715040810;715040810;1638;648
3639;707165;2504002443253070;3519906714453150;714453150;1639;649
3640;706185;3231766015774610;6746360458596250;458596250;1640;650
3641;403401;2551955697526820;8737673137290510;137290510;1641;651
3642;166427;3903233208154330;5374114190522740;190522740;1642;652
3643;500821;6507136892200480;7217427731661780;731661780;1643;653
3644;64716;1864134456910620;9700299141868470;141868470;1644;654
3645;359298;2771899855762490;6952287818060240;818060240;1645;655
3646;454252;1337501128652140;9050072024075320;024075320;1646;656
3647;420794;2646552907781810;8806634139004090;139004090;1647;657
3648;204457;1749357872543100;5347727554914360;554914360;1648;658
3649;491103;6728877540894550;2079260180035360;180035360;1649;659
3650;655762;1441932017783560;2739979539906490;539906490;1650;660
3651;275493;9936489756816460;3909230404108560;404108560;1651;661
3652;512673;5203842884998400;7391186560220440;560220440;1652;662
3653;199510;1251122616359770;8439792227207910;227207910;1653;663
3654;881369;3643856086614000;5661848526487890;526487890;1654;664
3655;796182;6451561372558330;2657219040086900;040086900;1655;665
3656;608079;8970194441642130;4830064555143730;555143730;1656;666
3657;190881;3594455306429020;7389865473872490;473872490;1657;667
3658;324494;8061869395791410;6578863437157150;437157150;1658;668
3659;465098;8708202089559300;6049674521931640;521931640;1659;669
3660;856458;7360965111262310;4929620548399720;548399720;1660;670
3661;930364;4938710343371170;6664630892082170;892082170;1661;671
3662;902190;3061727846877720;5227884604719700;604719700;1662;672
3663;593582;7336629874487230;7452837544412720;544412720;1663;673
3664;136289;5278561780173100;5452015103665370;103665370;1664;674
3665;345020;1564870656910000;6519349500135220;500135220;1665;675
3666;145768;7575798025395220;7102604611514340;611514340;1666;676
3667;650201;4229446977708740;5158705198928780;198928780;1667;677
3668;854372;6075633810691140;7517015926738620;926738620;1668;678
3669;776954;1365805689657540;8518872900759770;900759770;1669;679
3670;341422;9901913162100390;1718535166250190;166250190;1670;680
3671;838873;6430120467114730;4009445212066510;212066510;1671;681
3672;211450;1568244115415030;6639724709212620;709212620;1672;682
3673;186430;8724388019787370;9999974215130350;215130350;1673;683
3674;920855;2446245410022070;4197943031666110;031666110;1674;684
3675;926994;8993447245127720;1985375185427090;185427090;1675;685
3676;717841;9633612502237720;1514926470778060;470778060;1676;686
3677;605005;3206980605580640;9177833909841480;909841480;1677;687
3678;101898;3003475927458340;5479542521061400;521061400;1678;688
3679;323559;1058115162414100;9211698873302370;873302370;1679;689
3680;959052;3575235185884420;3085341193690170;193690170;1680;690
3681;838647;5963585004838010;3877414623704400;623704400;1681;691
3682;779147;9040807976813190;8510466441616130;441616130;1682;692
3683;407293;2816497986459680;4462466272427990;272427990;1683;693
3684;611415;1046090078473890;4253656351290280;351290280;1684;694
3685;420864;2252183376786780;4878810994112500;994112500;1685;695
3686;664574;9414579718773350;3218292904416670;904416670;1686;696
3687;104769;6567614435994930;7527137359028710;359028710;1687;697
3688;707706;6982896020892710;5776901949503810;949503810;1688;698
3689;815830;4584815311166170;3807286790926050;790926050;1689;699
3690;678164;9453389015327680;8754951140315030;140315030;1690;700
3691;718541;2464342487939160;9089319231823950;231823950;1691;701
3692;152770;6235203713969080;8747683045230060;045230060;1692;702
3693;871505;5852160734140380;4880735264385240;264385240;1693;703
3694;588532;6483285560295640;1223955561223280;561223280;1694;704
3695;5258;8831031125141440;5740494498301260;498301260;1695;705
3696;489151;8048878807219770;8667357612156190;612156190;1696;706
3697;522764;3750732069086810;4594923127284510;127284510;1697;707
3698;903553;8671425773222470;4300576854700160;854700160;1698;708
3699;503802;2231996800840350;6132303818002290;818002290;1699;709
3700;912708;6043002333610410;2963495732073060;732073060;1700;710
3701;744523;7982987721748230;2899451073929830;073929830;1701;711
3702;10980;4347920905367720;8739056284190470;284190470;1702;712
3703;113403;3478747313733930;8862369132718460;132718460;1703;713
3704;538250;1557751358679280;2019369388412050;388412050;1704;714
3705;754860;8650665956479540;9719293998525210;998525210;1705;715
3706;569080;7070256604283530;3055656648739640;648739640;1706;716
3707;921770;9809245096967360;4839121608050860;608050860;1707;717
3708;915154;6922238430900670;6276311495161210;495161210;1708;718
3709;468143;9293980130736920;9166813877417230;877417230;1709;719
3710;147249;7482375899688930;9679775958491300;958491300;1710;720
3711;283209;6824915557589740;4231181377720030;377720030;1711;721
3712;792992;2843898577577100;5168625079919490;079919490;1712;722
3713;198153;8182911980152520;9783166981042200;981042200;1713;723
3714;116642;1098122591214790;7417597379892690;379892690;1714;724
3715;146759;1763577842318980;8518416758460070;758460070;1715;725
3716;137158;8311747249197520;6013144867319300;867319300;1716;726
3717;611212;9839767300189480;4910114136330540;136330540;1717;727
3718;790797;2286771551339980;5690789356554320;356554320;1718;728
3719;634305;5654003375294670;8758659288749770;288749770;1719;729
3720;394490;6779695802384700;2817028955955040;955955040;1720;730
3721;929304;3794276489409080;4804474320685000;320685000;1721;731
3722;816258;7656449904244710;7086331404516210;404516210;1722;732
3723;868712;8006088495800340;1332895980298980;980298980;1723;733
3724;8897;1335092852600180;3642590062545650;062545650;1724;734
3725;383202;1300968259758220;5093623041071240;041071240;1725;735
3726;813205;6678324705657190;9422125421202880;421202880;1726;736
3727;51944;5372635459779420;1784178784538730;784538730;1727;737
3728;186982;8276262699805840;6001494010568390;010568390;1728;738
3729;915596;5070383590629590;6262945014098920;014098920;1729;739
3730;266072;5908523945144980;7075423135559980;135559980;1730;740
3731;793195;8354541870422730;9382334539237880;539237880;1731;741
3732;913672;5122180807121320;8314372400529830;400529830;1732;742
3733;134211;3815941154216620;6989429755950370;755950370;1733;743
3734;664180;3782901078024290;7225654054756970;054756970;1734;744
3735;687006;1517182427330280;4913671441114390;441114390;1735;745
3736;217832;4048290214382910;3870480927036130;927036130;1736;746
3737;514940;7710638895928080;2429603632281710;632281710;1737;747
3738;892355;4534566084433940;3620218136635640;136635640;1738;748
3739;141398;3603828860478860;5651469854558410;854558410;1739;749
3740;687907;1952382919951410;6243548333121170;333121170;1740;750
3741;854963;2013339919853430;4563753778359530;778359530;1741;751
3742;871556;2895094763615240;4071180178647590;178647590;1742;752
3743;455994;7966442823392080;9918190730782090;730782090;1743;753
3744;237528;6301446754565230;2371825393428750;393428750;1744;754
3745;975873;9826934812947400;1074872448307780;448307780;1745;755
3746;449499;3719916720750190;1773402474277970;474277970;1746;756
3747;150140;5068416003400200;8997779678010630;678010630;1747;757
3748;121153;8073046196098750;2063792327650030;327650030;1748;758
3749;676804;1092669387257240;8063326899837910;899837910;1749;759
3750;541287;3797436018676160;7618812739674180;739674180;1750;760
3751;541038;8178139198728200;2703513374026270;374026270;1751;761
3752;199683;8351898727355050;6069487941485310;941485310;1752;762
3753;937553;6619082654158020;9241040193900030;193900030;1753;763
3754;520026;2167026323205980;9330211351019680;351019680;1754;764
3755;571862;5414121644734980;4462559171213300;171213300;1755;765
3756;456088;6799693130303990;2052759481353880;481353880;1756;766
3757;371706;5025158385623070;7426180446252710;446252710;1757;767
3758;857457;9605815732613200;5706040416159810;416159810;1758;768
3759;889891;1717354777383980;3561771080781630;080781630;1759;769
3760;761036;9499852242770930;9162863003130160;003130160;1760;770
3761;929766;6132744772618800;5333003587033070;587033070;1761;771
3762;14578;3939263212162350;4146115039192590;039192590;1762;772
3763;174628;3274774041426800;1467657375707740;375707740;1763;773
3764;888512;4332286291869660;5396293953825500;953825500;1764;774
3765;852269;3442304446303440;6050030834814070;834814070;1765;775
3766;582273;2677721929300610;3223735773428050;773428050;1766;776
3767;715931;9326079322985570;7084115258289240;258289240;1767;777
3768;781449;8055241977754190;7155053783654740;783654740;1768;778
3769;872922;8300527372816910;2997289232830420;232830420;1769;779
3770;671928;5643061713982300;1484335284105650;284105650;1770;780
3771;242131;7440506877697100;5677354167211090;167211090;1771;781
3772;67348;6619310313302180;7826628920330690;920330690;1772;782
3773;671714;5440921487249520;2110735543180020;543180020;1773;783
3774;556066;7322479171669270;9635815517371040;517371040;1774;784
3775;998164;2125293772731560;5366479477532340;477532340;1775;785
3776;823911;8066148785065160;2627682300361360;300361360;1776;786
3777;578055;3785610869699590;5933058044286240;044286240;1777;787
3778;558968;4472486475697180;5567627114230180;114230180;1778;788
3779;73688;1630581596910600;6908916753191740;753191740;1779;789
3780;594651;4915471176333940;8611888034070940;034070940;1780;790
3781;523890;8426013513707260;7699960338989160;338989160;1781;791
3782;197294;1855438236087620;7076269356980200;356980200;1782;792
3783;981218;1468284542023790;4238118695205360;695205360;1783;793
3784;654534;4680036755321100;9166317583050090;583050090;1784;794
3785;246827;7792510252862330;4567853815386350;815386350;1785;795
3786;570718;1694667413505800;9474964834543950;834543950;1786;796
3787;484240;9949461174116530;2790759605321030;605321030;1787;797
3788;525594;7064741265346030;9294962235700420;235700420;1788;798
3789;743268;3033336203159180;7229739667631460;667631460;1789;799
3790;2539;7139843320759580;6052713276616790;276616790;1790;800
3791;675346;3067065328164510;5186769231525050;231525050;1791;801
3792;742559;5883776894118260;5997212570470630;570470630;1792;802
3793;971523;7223999481781310;9052567822705390;822705390;1793;803
3794;930322;9688701230524790;5161024359513340;359513340;1794;804
3795;304352;9709092319478210;7675436123712870;123712870;1795;805
3796;868479;9016245667910460;4549185603908570;603908570;1796;806
3797;804946;8813976329080330;2279564438263570;438263570;1797;807
3798;46508;6605901842580320;8545004197508290;197508290;1798;808
3799;356428;6579131479351100;6844954487603270;487603270;1799;809
3800;760348;7270440443158590;2927581480351280;480351280;1800;810
3801;235052;1881042069195850;5598721910262220;910262220;1801;811
3802;689051;7243664440599480;9767724585912060;585912060;1802;812
3803;880218;9287235839796830;9306085938645540;938645540;1803;813
3804;84730;7041006608228070;3267181826703050;826703050;1804;814
3805;824648;5983705312611380;3082487941261040;941261040;1805;815
3806;482033;1820699795057630;4275292002833980;002833980;1806;816
3807;65968;6999048092801220;5761256725003390;725003390;1807;817
3808;83387;9802760371162710;3682417054051170;054051170;1808;818
3809;410950;1667355820988590;9226374610431180;610431180;1809;819
3810;226297;4396340141474220;9951939043042030;043042030;1810;820
3811;573652;8400044339015340;9103847085214030;085214030;1811;821
3812;588900;5631414071929750;4638757503529490;503529490;1812;822
3813;58719;1654628885821580;3537255763302010;763302010;1813;823
3814;40069;3688660606587630;6576265992545150;992545150;1814;824
3815;111094;9223411818132600;6121582309224880;309224880;1815;825
3816;290293;9954135489981060;5330340741088540;741088540;1816;826
3817;263377;2082899874634150;5199782321722260;321722260;1817;827
3818;749583;7447776353074060;5748170285081640;285081640;1818;828
3819;262096;4464463433634440;1110038805676470;805676470;1819;829
3820;248664;2153951328813410;4376901101882060;101882060;1820;830
3821;404135;4951523285221360;6491603196469520;196469520;1821;831
3822;529702;3483622450700740;6908935257656800;257656800;1822;832
3823;564561;1746153244329740;2982359962979090;962979090;1823;833
3824;662803;9998830932567130;9987985000989710;000989710;1824;834
3825;447118;1301639285626720;7167487752126690;752126690;1825;835
3826;794551;2163370472915150;1584072690371770;690371770;1826;836
3827;838618;1685786287543010;6635725008594150;008594150;1827;837
3828;884823;1425263542415120;3094123172034590;172034590;1828;838
3829;898492;4019145119833750;9750055182882360;182882360;1829;839
3830;338136;1734011283615160;4859515087510980;087510980;1830;840
3831;764748;4385392822184150;6013874315345550;315345550;1831;841
3832;685780;8161392400198100;9027056078424920;078424920;1832;842
3833;7583;8297479951995670;2827485228796900;228796900;1833;843
3834;724972;7149778028954710;5489454320329920;320329920;1834;844
3835;711908;7052937803744020;9784402889217110;889217110;1835;845
3836;771302;7075601970402440;2367681525763790;525763790;1836;846
3837;220012;2573013261507530;5388141323903930;323903930;1837;847
3838;930704;7645232963804650;8136029478992970;478992970;1838;848
3839;815658;3375857023349010;1096071081132250;081132250;1839;849
3840;547211;2838184956497420;9483327146134760;146134760;1840;850
3841;880809;9140727133589040;6180621276146880;276146880;1841;851
3842;232738;8367552153928680;5313192641666520;641666520;1842;852
3843;306282;8506342126193250;2952618531603360;531603360;1843;853
3844;135151;2764259437569660;8671940328564510;328564510;1844;854
3845;187543;4114694633061050;1520542245838620;245838620;1845;855
3846;350863;5348421446969530;8673240772233370;772233370;1846;856
3847;86918;8525159672381640;3593880803064610;803064610;1847;857
3848;638211;4446355734248080;6478025649686190;649686190;1848;858
3849;393453;6629962516472650;6715174714818260;714818260;1849;859
3850;837872;4705984396166450;5727505423455850;423455850;1850;860
3851;561682;1049271307559450;7125473470530100;470530100;1851;861
3852;656549;3998840784820260;9313399796251440;796251440;1852;862
3853;260559;3541443335605780;8177858258256870;258256870;1853;863
3854;720195;1180710855178580;2996419779535630;779535630;1854;864
3855;713787;6525301985787800;3197145953836350;953836350;1855;865
3856;53018;2287268867713070;5934433348330580;348330580;1856;866
3857;762802;8850027416291260;5986421908822060;908822060;1857;867
3858;388516;7492622171064220;8753623964964030;964964030;1858;868
3859;433675;2827685031470060;2676929784277530;784277530;1859;869
3860;968794;2453794724244300;1476154402827900;402827900;1860;870
3861;39156;9917614608085180;9189460290247690;290247690;1861;871
3862;738407;5388598046016330;2666940460275640;460275640;1862;872
3863;97139;7257359117851360;3900759633542020;633542020;1863;873
3864;88995;7071348853121490;5824623150788990;150788990;1864;874
3865;596766;7650827026279870;7707593820590270;820590270;1865;875
3866;560941;6132604944860670;2320296078261930;078261930;1866;876
3867;393451;7720002218646920;6000051498509370;498509370;1867;877
3868;158312;6409056617686890;1807577684585610;684585610;1868;878
3869;764059;8898993316105700;5178670371327400;371327400;1869;879
3870;183330;5688092996188200;2250270269950890;269950890;1870;880
3871;403481;7961279476593600;9764663833748710;833748710;1871;881
3872;746630;5883287996651720;3941864228119870;228119870;1872;882
3873;393879;5268607108974940;8902157161216770;161216770;1873;883
3874;359541;3897241498270080;2532167712650490;712650490;1874;884
3875;927828;9684270880221550;2353498698745960;698745960;1875;885
3876;264655;6000966873899760;2869649152419050;152419050;1876;886
3877;816613;3548002326641710;7762662624295550;624295550;1877;887
3878;410923;1933284647085030;6440480763917960;763917960;1878;888
3879;64940;7029155978402250;5796163922839720;922839720;1879;889
3880;229537;6519691350521750;5120376471874280;471874280;1880;890
3881;43303;3255496760663270;8366166112431860;112431860;1881;891
3882;616835;9412535848355950;6664094136343010;136343010;1882;892
3883;39245;5469606017931420;1495811994845400;994845400;1883;893
3884;780498;1983608925042030;1496390841135650;841135650;1884;894
3885;218790;4562743434015950;4123155595088480;595088480;1885;895
3886;855268;9340226435802150;3780628559152030;559152030;1886;896
3887;279271;9554290873888340;7095709827423750;827423750;1887;897
3888;444454;5199144538911700;2482636931933260;931933260;1888;898
3889;324823;7261681087691270;5959723168334430;168334430;1889;899
3890;493468;5039613668704210;2310792044892080;044892080;1890;900
3891;745772;7544878217418810;9466288913855590;913855590;1891;901
3892;151641;8116433308164300;5261881507410690;507410690;1892;902
3893;133191;9941070551036730;5355105024990310;024990310;1893;903
3894;528570;6466517919421800;5163335360431900;360431900;1894;904
3895;509853;3773267479842290;1160819228150840;228150840;1895;905
3896;501244;4355978411588190;2348115356558920;356558920;1896;906
3897;408848;6233403075024240;6864243386836510;386836510;1897;907
3898;978211;4743917066956550;7752114174620220;174620220;1898;908
3899;581098;7401079806406790;6093209301832410;301832410;1899;909
3900;277012;6048301771460140;6883431783991980;783991980;1900;910
3901;363036;5164134334592880;1541246511926450;511926450;1901;911
3902;521162;7759906227208010;4617071688946900;688946900;1902;912
3903;985690;4753252100592070;3076204556601510;556601510;1903;913
3904;212895;6920653664775900;7994750392433780;392433780;1904;914
3905;356413;8822879108538140;8324327153725750;153725750;1905;915
3906;387955;8877729190895350;1773856683717650;683717650;1906;916
3907;94539;5341905601134380;5613041723052100;723052100;1907;917
3908;8660;4900478390437680;8016243829502680;829502680;1908;918
3909;852175;4424342688597750;7363795001148970;001148970;1909;919
3910;501501;6130418567712710;8629071783831650;783831650;1910;920
3911;201409;5255438483648100;7352380626011900;626011900;1911;921
3912;595521;9198783598524110;9606325249762290;249762290;1912;922
3913;619180;4695888712583430;3167350381877570;381877570;1913;923
3914;867723;3402265923936380;8816862448838470;448838470;1914;924
3915;351038;7152215938591450;4317924458169330;458169330;1915;925
3916;651761;6390278561455100;2238238299687590;299687590;1916;926
3917;185078;3906907676569560;2847008005738430;005738430;1917;927
3918;216170;1685928184211760;8687190599712420;599712420;1918;928
3919;417266;3013240905946960;3324194319457050;319457050;1919;929
3920;368360;2700259460409560;7747962981304380;981304380;1920;930
3921;539432;5841390898624140;3025067196088880;196088880;1921;931
3922;890657;6649248547926980;3624014323755660;323755660;1922;932
3923;431161;3043981528760450;2856510593696720;593696720;1923;933
3924;464617;6051100367991190;6714777834495990;834495990;1924;934
3925;86844;1723362278497800;6202190276924670;276924670;1925;935
3926;989876;4282008408782890;6371285357704400;357704400;1926;936
3927;159139;6947611939763510;2156507978245750;978245750;1927;937
3928;453775;6281050543586430;9064806370358680;370358680;1928;938
3929;850081;6356295560828130;9824684806980530;806980530;1929;939
3930;758028;5218520996902150;7336519204480050;204480050;1930;940
3931;931099;3483492656650120;3371456401320270;401320270;1931;941
3932;158651;5238245654441320;4763668956603850;956603850;1932;942
3933;923197;9213197381021470;5894833924595650;924595650;1933;943
3934;225448;4211552664684120;6760039468869710;468869710;1934;944
3935;718533;7178587774144690;8504785571525240;571525240;1935;945
3936;477255;2707982854188600;4988062851705390;851705390;1936;946
3937;174660;9099477024164580;1072696889304260;889304260;1937;947
3938;99230;7264123705488000;3954619022928320;022928320;1938;948
3939;462667;8109794872527160;6373734637853680;637853680;1939;949
3940;398417;4340290170584880;2847554130370430;130370430;1940;950
3941;200481;7841462883046360;3089984728614370;728614370;1941;951
3942;903848;2991921789232760;9650407149877290;149877290;1942;952
3943;652576;5957492338707120;4496393556501330;556501330;1943;953
3944;267413;8704048840298590;8552806660060880;660060880;1944;954
3945;527332;6268879908438060;3656651184810510;184810510;1945;955
3946;371783;1330579280036600;2924390810549960;810549960;1946;956
3947;153309;7217604899877030;2994166888635890;888635890;1947;957
3948;301589;3720160115611580;3659395585834140;585834140;1948;958
3949;65672;8298393003153900;5201871704145690;704145690;1949;959
3950;84153;8922094743257140;1408176297735710;297735710;1950;960
3951;284021;5652522833885410;7451647588091980;588091980;1951;961
3952;355987;3342065284447740;1717792088428830;088428830;1952;962
3953;812880;1018777436779700;5560729856132130;856132130;1953;963
3954;361331;7284556615719120;7561298001146180;001146180;1954;964
3955;146090;4879949455026350;8822252853091610;853091610;1955;965
3956;938969;9679848835601950;3238468257946040;257946040;1956;966
3957;806367;5018992049851890;3374755872005090;872005090;1957;967
3958;403573;6555615586188740;9957895949045070;949045070;1958;968
3959;201248;4952497181487930;4412085358650540;358650540;1959;969
3960;477840;4193385846182420;3772012983584740;983584740;1960;970
3961;326714;6948585643440770;1925983925485590;925485590;1961;971
3962;681644;2455858229892850;2386505411932180;411932180;1962;972
3963;99702;5204449293035090;7718186367944110;367944110;1963;973
3964;834481;9509707307662760;3422528750960780;750960780;1964;974
3965;350787;2788151383177910;1605013132335450;132335450;1965;975
3966;577440;2154969688735370;7999898364559910;364559910;1966;976
3967;758262;8364181918401170;9569907496915690;496915690;1967;977
3968;70961;9408131360960540;3690534508232840;508232840;1968;978
3969;254870;6245851685403710;6805027612754930;612754930;1969;979
3970;274616;7183634079033640;7486470229278970;229278970;1970;980
3971;688461;6159255164798530;4180289494704280;494704280;1971;981
3972;465176;9150128039704920;3584888120475740;120475740;1972;982
3973;767782;6964670186023640;7872265483650520;483650520;1973;983
3974;899211;4202873286325890;4648788374881350;374881350;1974;984
3975;574689;5201202319991330;6940741899523780;899523780;1975;985
3976;776464;3341934181256460;3105518382537840;382537840;1976;986
3977;174008;5736636108921370;8508682100776570;100776570;1977;987
3978;910268;8401311068438780;1823153470823000;470823000;1978;988
3979;102308;3485461347378450;8054621241800950;241800950;1979;989
3980;761232;1635216523597150;4475080257388100;257388100;1980;990
3981;766823;4329645060319540;6638133962522570;962522570;1981;991
3982;740466;8198991561064960;6675916715817340;715817340;1982;992
3983;35785;9693513958927300;3857507919641490;919641490;1983;993
3984;938585;8827398047622470;2079218579904590;579904590;1984;994
3985;551414;4002674094394150;1346208910592420;910592420;1985;995
3986;686742;5758242154419480;1697119098618500;098618500;1986;996
3987;546811;8166221395877850;5086508042482340;042482340;1987;997
3988;605947;1936389398699530;5921098975971590;975971590;1988;998
3989;198008;3357541778352980;6746187505737220;505737220;1989;999
3990;50914;2859743652917840;1497319970465080;970465080;1990;1000
