idContribution;Type;Date_of_close;Date_of_creation;Deposit_amount;Interest_rate;Deposit_income;idClient
6000;Банковский;31.07.2011;22.03.2017;890367;5;19963;1000
6001;Чековый;10.12.2013;29.10.2019;604676;4;21355;1001
6002;Долгосрочный;25.11.2014;17.05.2017;239834;5;28410;1002
6003;Условный;27.06.2014;25.01.2017;294929;4;21557;1003
6004;Накопительный;17.06.2012;25.08.2020;144163;1;18483;1004
6005;Целевой;24.12.2015;15.11.2017;393429;1;87428;1005
6006;Срочный;28.03.2014;28.06.2019;927943;3;56853;1006
6007;Депозитный;17.08.2013;20.03.2018;272628;2;40591;1007
6008;Именной;04.02.2013;05.01.2016;792190;2;86362;1008
6009;Мнимый;27.05.2015;15.08.2016;408622;1;22183;1009
6010;Депозитный;23.06.2013;27.12.2019;528207;5;22346;1010
6011;Целевой;25.11.2012;24.09.2017;975055;1;95931;1011
6012;Именной;29.10.2013;31.08.2020;204010;5;9002;1012
6013;Условный;22.01.2013;22.04.2019;668071;4;96665;1013
6014;Долгосрочный;10.06.2010;26.03.2018;852602;3;2541;1014
6015;Чековый;15.09.2011;13.05.2020;958058;4;90096;1015
6016;Накопительный;31.10.2013;02.12.2016;610004;2;60136;1016
6017;Целевой;20.04.2013;29.04.2019;995569;4;86058;1017
6018;Банковский;18.06.2010;01.02.2018;679102;4;24069;1018
6019;Депозитный;03.12.2010;27.04.2017;943360;5;51066;1019
6020;Депозитный;02.11.2013;23.09.2017;823209;5;85298;1020
6021;Условный;23.10.2015;14.02.2018;909314;1;85189;1021
6022;Депозитный;04.11.2014;10.04.2019;569955;5;44906;1022
6023;Чековый;07.07.2011;08.04.2017;200976;1;18575;1023
6024;Срочный;05.05.2014;24.08.2018;640343;1;36177;1024
6025;Целевой;21.12.2014;08.05.2019;234537;2;50296;1025
6026;Накопительный;04.11.2010;02.12.2019;553986;3;49496;1026
6027;Накопительный;08.08.2014;09.08.2018;117497;1;89908;1027
6028;Депозитный;04.05.2015;14.01.2016;830019;1;39199;1028
6029;Целевой;06.09.2012;23.03.2019;332746;5;47773;1029
6030;Долгосрочный;10.02.2011;03.06.2020;732879;2;40324;1030
6031;Банковский;01.02.2011;24.12.2017;413479;2;2796;1031
6032;Банковский;11.07.2011;08.07.2016;206781;5;77073;1032
6033;Депозитный;22.09.2014;12.03.2018;715077;1;25835;1033
6034;Накопительный;10.09.2010;30.06.2018;792953;5;19438;1034
6035;Именной;16.09.2014;20.01.2020;690073;2;695;1035
6036;Банковский;09.01.2013;05.09.2017;427743;2;89991;1036
6037;Банковский;05.08.2010;29.10.2018;552235;2;66949;1037
6038;Срочный;25.06.2011;06.07.2020;913824;1;97200;1038
6039;Срочный;04.09.2012;06.07.2018;980216;5;73156;1039
6040;Именной;13.08.2013;06.01.2020;399693;4;86015;1040
6041;Именной;02.11.2014;08.12.2019;359428;1;37716;1041
6042;Условный;09.03.2012;01.02.2019;828632;4;81849;1042
6043;Условный;25.09.2013;04.05.2018;269099;3;71353;1043
6044;Депозитный;08.06.2014;22.02.2020;805188;3;34248;1044
6045;Условный;02.12.2013;25.12.2016;964435;4;54377;1045
6046;Накопительный;22.10.2011;21.11.2016;489197;2;21352;1046
6047;Целевой;05.10.2013;29.04.2019;196547;2;31218;1047
6048;Целевой;16.03.2013;01.04.2020;210231;1;26973;1048
6049;Долгосрочный;22.07.2010;21.09.2018;585997;1;37818;1049
6050;Целевой;03.08.2014;26.09.2016;577310;2;63848;1050
6051;Срочный;17.11.2010;31.10.2020;401421;2;44865;1051
6052;Банковский;13.12.2012;19.10.2018;235920;1;70857;1052
6053;Чековый;12.07.2015;28.01.2020;846341;2;88749;1053
6054;Накопительный;07.07.2012;01.12.2017;234136;2;47108;1054
6055;Депозитный;10.01.2010;30.10.2017;176546;5;72156;1055
6056;Чековый;21.03.2014;25.06.2017;709967;5;97553;1056
6057;Банковский;02.02.2011;15.04.2016;391321;5;73528;1057
6058;Чековый;05.04.2011;04.10.2018;169643;5;50422;1058
6059;Банковский;25.01.2011;13.02.2018;844434;3;70608;1059
6060;Чековый;19.10.2014;01.06.2019;459538;4;40153;1060
6061;Целевой;27.09.2011;24.04.2018;710439;5;63631;1061
6062;Целевой;23.08.2015;20.06.2020;895542;2;13863;1062
6063;Целевой;20.05.2010;23.11.2020;433839;1;41308;1063
6064;Банковский;07.12.2010;09.08.2018;605818;3;53969;1064
6065;Накопительный;14.08.2012;11.06.2019;423469;4;85247;1065
6066;Целевой;24.08.2010;20.03.2017;237459;5;95761;1066
6067;Целевой;11.12.2015;23.06.2016;687478;4;50101;1067
6068;Банковский;18.01.2012;22.08.2020;500036;3;13923;1068
6069;Банковский;04.05.2011;23.03.2018;570037;5;75405;1069
6070;Банковский;24.10.2015;10.06.2017;471442;5;96643;1070
6071;Срочный;14.12.2015;06.05.2017;739275;2;42265;1071
6072;Именной;16.12.2014;29.08.2019;838506;2;98401;1072
6073;Долгосрочный;21.04.2013;28.07.2017;627767;4;8036;1073
6074;Целевой;17.04.2015;14.06.2016;820018;2;57398;1074
6075;Долгосрочный;16.11.2014;23.05.2020;283240;1;78094;1075
6076;Банковский;10.08.2015;12.07.2016;798633;5;22675;1076
6077;Чековый;04.08.2014;06.03.2020;917138;4;35752;1077
6078;Целевой;30.03.2015;29.03.2020;231301;4;79606;1078
6079;Банковский;03.02.2011;14.06.2020;737140;2;38541;1079
6080;Условный;06.04.2010;28.04.2018;640620;4;80231;1080
6081;Банковский;07.04.2010;22.02.2020;671315;3;13046;1081
6082;Условный;05.11.2012;27.07.2020;978564;1;15693;1082
6083;Целевой;11.12.2011;20.01.2020;398028;3;98434;1083
6084;Срочный;29.03.2010;03.01.2019;750705;3;21283;1084
6085;Накопительный;25.03.2010;13.11.2020;645414;5;61581;1085
6086;Именной;30.09.2014;17.04.2016;199183;5;20608;1086
6087;Чековый;11.05.2014;10.06.2020;939307;3;5459;1087
6088;Банковский;20.02.2010;30.05.2016;850556;2;35624;1088
6089;Долгосрочный;31.07.2014;13.03.2019;349252;4;44155;1089
6090;Условный;14.01.2015;09.12.2020;954725;1;60977;1090
6091;Условный;09.12.2010;06.11.2018;801821;3;92305;1091
6092;Накопительный;18.07.2011;29.05.2020;617890;3;20993;1092
6093;Депозитный;11.06.2014;22.10.2020;767777;4;65811;1093
6094;Срочный;22.09.2010;15.07.2016;135092;2;79864;1094
6095;Целевой;16.07.2015;29.12.2016;629028;1;55412;1095
6096;Именной;29.03.2012;22.05.2017;962667;2;79215;1096
6097;Чековый;25.04.2012;09.11.2016;875908;3;73859;1097
6098;Условный;10.09.2012;12.09.2018;585108;3;25867;1098
6099;Именной;21.05.2012;14.11.2020;344641;2;15136;1099
6100;Именной;16.12.2014;11.12.2020;603276;5;22723;1100
6101;Целевой;28.11.2013;08.11.2016;207096;5;16499;1101
6102;Накопительный;07.03.2010;06.12.2017;459194;3;99326;1102
6103;Чековый;22.08.2014;29.09.2016;104186;4;30277;1103
6104;Именной;24.07.2013;07.11.2018;938403;3;53871;1104
6105;Чековый;30.06.2015;27.10.2017;935843;4;89610;1105
6106;Депозитный;25.09.2014;29.03.2017;456137;1;76037;1106
6107;Чековый;10.07.2010;04.06.2018;981384;5;74477;1107
6108;Накопительный;13.10.2010;25.03.2016;854810;2;31331;1108
6109;Именной;04.10.2010;04.09.2019;904124;5;1677;1109
6110;Банковский;12.09.2015;10.12.2020;393535;4;43609;1110
6111;Именной;17.11.2012;11.10.2020;610617;3;40874;1111
6112;Депозитный;07.06.2013;16.01.2020;146356;3;98042;1112
6113;Условный;12.02.2011;13.11.2016;339541;4;82005;1113
6114;Депозитный;04.03.2015;28.09.2019;818763;2;79931;1114
6115;Накопительный;20.04.2014;04.07.2019;298869;2;28928;1115
6116;Депозитный;20.02.2011;05.10.2019;275412;1;81364;1116
6117;Целевой;04.08.2013;12.04.2016;922095;3;84871;1117
6118;Чековый;24.06.2010;22.01.2017;445266;4;78332;1118
6119;Условный;12.09.2015;19.02.2017;294734;1;7479;1119
6120;Долгосрочный;15.07.2010;05.05.2019;483910;4;77334;1120
6121;Накопительный;21.02.2012;09.05.2016;460293;5;43431;1121
6122;Долгосрочный;13.02.2014;16.08.2016;426564;1;44607;1122
6123;Целевой;27.05.2014;26.04.2020;230163;2;49779;1123
6124;Долгосрочный;02.01.2011;03.06.2020;738581;3;57832;1124
6125;Именной;29.06.2010;01.07.2017;989689;5;58980;1125
6126;Чековый;15.04.2015;14.04.2016;381542;1;73103;1126
6127;Целевой;04.10.2011;24.04.2018;857896;3;63964;1127
6128;Целевой;21.11.2011;09.10.2016;502471;4;89482;1128
6129;Накопительный;01.07.2012;18.09.2018;637757;4;75935;1129
6130;Именной;12.10.2014;04.02.2018;956959;1;62008;1130
6131;Именной;21.03.2010;07.10.2017;241841;1;658;1131
6132;Целевой;14.03.2015;31.12.2019;633735;2;35199;1132
6133;Условный;27.12.2013;29.06.2020;972909;1;610;1133
6134;Накопительный;04.07.2013;21.08.2019;735003;3;5153;1134
6135;Целевой;07.12.2011;29.09.2018;199174;3;10639;1135
6136;Именной;11.11.2011;30.06.2016;847645;4;26772;1136
6137;Именной;04.02.2014;16.12.2018;275425;2;25102;1137
6138;Накопительный;11.06.2014;11.08.2016;134963;1;14247;1138
6139;Банковский;07.11.2012;19.12.2016;402168;1;27893;1139
6140;Именной;24.05.2011;27.08.2020;475705;5;43073;1140
6141;Целевой;08.02.2010;02.04.2016;474447;2;61833;1141
6142;Депозитный;07.02.2014;25.08.2016;577883;3;64994;1142
6143;Срочный;27.04.2010;04.05.2017;263384;5;59286;1143
6144;Условный;28.02.2013;26.04.2019;451624;1;75002;1144
6145;Долгосрочный;20.10.2011;06.03.2017;448662;1;37819;1145
6146;Условный;03.07.2013;28.05.2019;418414;1;95460;1146
6147;Банковский;24.02.2012;22.09.2018;609713;1;30806;1147
6148;Накопительный;30.01.2015;17.06.2017;512491;2;2335;1148
6149;Депозитный;24.04.2015;03.02.2017;155140;4;17452;1149
6150;Накопительный;21.08.2012;14.11.2017;560721;3;65900;1150
6151;Срочный;28.03.2011;13.12.2019;698588;1;99133;1151
6152;Долгосрочный;05.11.2011;05.03.2020;278109;5;45644;1152
6153;Условный;14.06.2014;17.01.2016;980154;4;48621;1153
6154;Условный;11.06.2012;19.12.2020;906735;5;28106;1154
6155;Накопительный;24.08.2015;23.01.2017;376327;5;39180;1155
6156;Банковский;16.08.2012;10.11.2020;869617;1;51714;1156
6157;Долгосрочный;24.07.2013;28.02.2019;196250;1;47142;1157
6158;Банковский;08.04.2012;14.05.2017;679099;4;35727;1158
6159;Накопительный;19.03.2014;15.11.2016;234039;3;48541;1159
6160;Депозитный;22.04.2012;30.08.2020;602643;2;4221;1160
6161;Условный;10.11.2011;19.04.2018;689798;2;7018;1161
6162;Срочный;03.11.2014;25.07.2020;497168;2;80710;1162
6163;Целевой;15.08.2015;11.09.2016;698157;2;48663;1163
6164;Накопительный;18.03.2012;14.03.2019;671281;3;25640;1164
6165;Срочный;09.04.2013;05.12.2019;591905;3;75655;1165
6166;Долгосрочный;27.09.2014;20.03.2020;483986;3;37897;1166
6167;Банковский;04.01.2011;16.05.2020;785908;4;63619;1167
6168;Чековый;17.04.2012;01.07.2016;630873;4;34615;1168
6169;Именной;17.10.2013;08.04.2019;722009;4;53729;1169
6170;Банковский;13.05.2012;19.09.2019;432832;1;71847;1170
6171;Банковский;22.01.2010;19.07.2020;838604;2;78642;1171
6172;Срочный;18.11.2010;18.03.2016;180432;2;57464;1172
6173;Долгосрочный;28.04.2014;10.09.2020;558556;1;2443;1173
6174;Долгосрочный;26.05.2011;07.01.2020;648634;3;41564;1174
6175;Депозитный;04.08.2012;01.03.2017;698698;3;47860;1175
6176;Целевой;19.11.2011;20.01.2020;930075;5;72838;1176
6177;Срочный;03.01.2011;10.05.2019;720299;3;40491;1177
6178;Срочный;12.10.2011;20.09.2019;948663;5;52790;1178
6179;Депозитный;31.08.2011;30.03.2017;288480;5;24851;1179
6180;Банковский;07.07.2015;08.07.2018;270964;5;86860;1180
6181;Целевой;28.01.2011;02.02.2019;541501;4;74100;1181
6182;Целевой;06.03.2010;20.05.2016;795314;4;44417;1182
6183;Банковский;26.02.2010;26.11.2020;640230;4;52074;1183
6184;Срочный;06.07.2010;29.10.2017;984782;5;40960;1184
6185;Депозитный;16.03.2014;17.07.2016;562199;4;29721;1185
6186;Долгосрочный;11.12.2013;16.02.2019;430697;5;99693;1186
6187;Целевой;10.11.2014;12.08.2018;913763;5;46073;1187
6188;Чековый;02.11.2015;18.02.2018;336485;5;54975;1188
6189;Долгосрочный;07.05.2013;29.07.2016;171709;3;85455;1189
6190;Чековый;10.08.2014;09.06.2017;789134;2;7712;1190
6191;Целевой;06.02.2014;18.09.2019;447448;2;4201;1191
6192;Долгосрочный;10.12.2015;20.12.2017;254636;2;42677;1192
6193;Срочный;29.01.2015;21.11.2018;942722;1;92966;1193
6194;Целевой;25.10.2010;06.04.2016;509566;5;2476;1194
6195;Условный;18.10.2010;09.03.2017;124839;3;9569;1195
6196;Банковский;05.06.2011;18.12.2019;636815;1;99287;1196
6197;Накопительный;09.06.2013;06.12.2020;461700;2;5188;1197
6198;Именной;24.10.2014;29.04.2017;925143;4;61961;1198
6199;Чековый;23.01.2015;31.08.2018;767441;1;20755;1199
6200;Именной;20.04.2011;08.10.2017;674315;5;47325;1200
6201;Накопительный;11.04.2013;11.01.2017;197015;2;2246;1201
6202;Депозитный;06.06.2012;18.09.2016;307650;1;31054;1202
6203;Срочный;29.04.2014;13.09.2018;578962;5;27421;1203
6204;Чековый;06.09.2014;20.04.2019;117917;5;63823;1204
6205;Чековый;06.02.2013;11.10.2018;873750;3;15543;1205
6206;Депозитный;07.07.2014;15.09.2018;533717;5;47518;1206
6207;Именной;21.11.2010;12.04.2017;813128;1;47525;1207
6208;Банковский;14.01.2012;27.02.2016;544367;5;17523;1208
6209;Банковский;01.06.2013;05.09.2016;512439;5;5445;1209
6210;Банковский;07.12.2013;03.11.2020;982390;1;68860;1210
6211;Депозитный;14.01.2013;04.08.2019;911120;5;12273;1211
6212;Именной;15.11.2011;03.05.2019;698213;4;63243;1212
6213;Целевой;26.07.2014;19.01.2018;620550;4;35650;1213
6214;Условный;09.01.2010;02.04.2020;506095;5;31575;1214
6215;Условный;22.08.2015;14.01.2017;209938;5;11362;1215
6216;Именной;18.12.2014;12.03.2016;896938;3;18928;1216
6217;Срочный;02.02.2010;20.02.2016;918695;4;84736;1217
6218;Депозитный;24.07.2010;03.04.2016;212033;1;82478;1218
6219;Банковский;25.03.2012;02.07.2019;706953;5;25080;1219
6220;Срочный;01.02.2014;23.08.2018;496771;2;82189;1220
6221;Условный;16.07.2011;10.07.2020;453689;2;47319;1221
6222;Долгосрочный;30.03.2011;27.02.2019;480250;4;17497;1222
6223;Именной;08.08.2014;12.11.2018;673277;1;16597;1223
6224;Депозитный;23.03.2013;06.08.2017;238731;1;84519;1224
6225;Банковский;06.11.2014;08.10.2018;381422;4;29782;1225
6226;Именной;20.08.2012;06.05.2020;313211;1;39992;1226
6227;Накопительный;01.12.2013;10.10.2018;229004;1;25001;1227
6228;Срочный;12.04.2012;09.09.2018;217721;5;47498;1228
6229;Накопительный;07.03.2010;17.04.2019;946948;1;28410;1229
6230;Банковский;01.09.2014;15.08.2018;922693;3;35301;1230
6231;Долгосрочный;13.04.2015;24.08.2020;996075;1;88064;1231
6232;Депозитный;25.04.2011;19.03.2019;986839;1;24506;1232
6233;Именной;26.03.2011;10.07.2020;214474;1;64406;1233
6234;Накопительный;30.07.2012;06.10.2017;114913;4;37041;1234
6235;Именной;04.11.2013;15.12.2020;522543;3;14302;1235
6236;Чековый;28.03.2010;01.05.2016;471676;2;92902;1236
6237;Депозитный;14.02.2014;14.04.2016;804888;2;27531;1237
6238;Накопительный;25.05.2012;15.05.2020;941547;2;55948;1238
6239;Депозитный;24.05.2014;21.09.2019;442634;3;41892;1239
6240;Именной;23.01.2010;13.07.2016;214982;1;22017;1240
6241;Целевой;21.09.2011;08.06.2017;984196;2;15945;1241
6242;Депозитный;28.11.2011;04.12.2017;270645;3;37367;1242
6243;Срочный;18.06.2010;19.04.2020;875667;4;8743;1243
6244;Именной;02.08.2015;27.04.2016;977750;3;97265;1244
6245;Срочный;23.06.2015;04.10.2019;920738;5;42251;1245
6246;Срочный;12.02.2013;19.02.2017;934773;2;54699;1246
6247;Срочный;19.11.2012;18.05.2020;135120;2;43018;1247
6248;Банковский;24.08.2015;10.03.2019;312115;5;10152;1248
6249;Условный;14.10.2012;07.02.2018;412793;4;37445;1249
6250;Условный;24.03.2012;06.07.2017;208840;2;31183;1250
6251;Чековый;10.12.2013;04.04.2019;963271;5;4850;1251
6252;Условный;21.10.2012;18.10.2018;642419;4;73820;1252
6253;Целевой;25.10.2015;14.10.2016;395266;3;4090;1253
6254;Долгосрочный;07.02.2015;06.03.2020;216955;5;26849;1254
6255;Целевой;29.11.2012;10.05.2016;259108;5;97914;1255
6256;Чековый;05.08.2012;14.06.2018;470095;1;92899;1256
6257;Депозитный;10.11.2015;20.03.2016;835907;1;46853;1257
6258;Банковский;30.03.2012;21.12.2017;699251;4;45034;1258
6259;Накопительный;08.03.2013;26.12.2020;760539;3;61222;1259
6260;Банковский;20.03.2014;14.10.2016;444106;2;5997;1260
6261;Условный;07.03.2011;15.10.2020;656683;4;60733;1261
6262;Долгосрочный;27.03.2015;04.10.2016;269576;2;8175;1262
6263;Накопительный;07.11.2014;10.05.2018;563175;2;6230;1263
6264;Долгосрочный;09.10.2014;25.09.2019;931445;5;47590;1264
6265;Накопительный;05.05.2012;13.01.2018;804595;2;86504;1265
6266;Долгосрочный;01.10.2010;07.01.2018;198364;2;18486;1266
6267;Накопительный;18.10.2014;05.11.2016;721398;4;4291;1267
6268;Накопительный;23.12.2014;17.09.2018;898796;1;91203;1268
6269;Чековый;29.01.2013;01.01.2019;994801;5;13991;1269
6270;Депозитный;25.12.2011;30.08.2017;398763;4;77095;1270
6271;Накопительный;20.04.2014;10.07.2016;370214;3;22190;1271
6272;Долгосрочный;21.05.2014;02.02.2020;772963;2;81732;1272
6273;Чековый;10.08.2010;24.11.2019;596567;1;6007;1273
6274;Накопительный;20.08.2015;17.02.2016;391906;1;97360;1274
6275;Банковский;12.02.2010;25.11.2018;352483;3;70921;1275
6276;Депозитный;06.02.2014;18.11.2020;177031;3;17124;1276
6277;Целевой;29.06.2015;27.12.2019;590468;1;91267;1277
6278;Банковский;24.05.2014;10.09.2019;198961;5;76525;1278
6279;Чековый;29.01.2011;16.12.2017;110358;1;5613;1279
6280;Долгосрочный;29.12.2014;17.09.2020;752118;2;63570;1280
6281;Банковский;26.12.2014;22.09.2020;170892;4;43609;1281
6282;Именной;20.11.2010;19.01.2018;400408;5;70892;1282
6283;Накопительный;09.03.2014;31.05.2017;834596;1;98384;1283
6284;Депозитный;08.06.2011;02.01.2020;438202;2;47054;1284
6285;Накопительный;14.11.2015;24.02.2016;203823;5;61469;1285
6286;Чековый;20.02.2015;27.02.2018;233442;4;99497;1286
6287;Депозитный;18.03.2012;22.03.2019;638777;2;75708;1287
6288;Именной;29.06.2010;09.06.2019;137464;4;7395;1288
6289;Целевой;18.10.2010;08.07.2019;911420;3;18290;1289
6290;Накопительный;29.07.2013;18.04.2019;803459;4;95950;1290
6291;Чековый;10.10.2014;10.05.2018;990786;4;36516;1291
6292;Депозитный;02.09.2010;30.08.2020;458816;5;69032;1292
6293;Депозитный;17.02.2012;15.03.2016;510247;5;51122;1293
6294;Срочный;18.06.2011;25.05.2019;119855;4;78398;1294
6295;Депозитный;17.12.2010;26.10.2018;698133;1;47971;1295
6296;Банковский;13.02.2012;28.03.2018;827386;4;44147;1296
6297;Чековый;21.04.2015;03.11.2017;644618;4;36066;1297
6298;Срочный;17.11.2010;19.08.2017;477282;3;51366;1298
6299;Именной;19.05.2011;25.11.2020;101589;2;39647;1299
6300;Условный;08.05.2010;05.11.2017;623674;3;54952;1300
6301;Накопительный;28.08.2011;14.09.2017;401898;4;40292;1301
6302;Накопительный;14.03.2014;31.03.2018;419791;1;56673;1302
6303;Чековый;16.10.2013;17.09.2019;512480;3;6023;1303
6304;Целевой;17.06.2015;24.09.2020;499609;4;92630;1304
6305;Чековый;05.10.2014;09.05.2017;466559;5;90594;1305
6306;Долгосрочный;22.01.2011;10.08.2020;218245;5;23919;1306
6307;Чековый;11.03.2012;03.12.2019;696576;5;56829;1307
6308;Банковский;07.11.2012;05.06.2019;890550;3;91308;1308
6309;Банковский;21.04.2010;13.07.2019;156732;1;13613;1309
6310;Банковский;18.10.2014;28.07.2020;451241;4;73980;1310
6311;Срочный;25.05.2013;23.10.2016;554842;1;18754;1311
6312;Депозитный;12.06.2015;04.09.2019;396065;2;16758;1312
6313;Накопительный;19.05.2015;14.04.2017;987121;5;55878;1313
6314;Банковский;21.06.2010;12.01.2018;672322;1;14752;1314
6315;Чековый;22.02.2013;02.07.2018;866472;4;50058;1315
6316;Именной;28.05.2015;31.08.2018;748634;1;35150;1316
6317;Долгосрочный;22.05.2013;22.05.2019;421559;5;92372;1317
6318;Условный;12.04.2012;02.10.2020;514447;1;22230;1318
6319;Банковский;08.09.2015;28.06.2019;163597;2;68596;1319
6320;Целевой;07.05.2015;19.06.2019;122097;2;58735;1320
6321;Целевой;06.05.2010;12.12.2016;408355;5;32003;1321
6322;Чековый;27.07.2014;21.06.2019;456633;3;1220;1322
6323;Условный;19.11.2012;31.05.2020;658073;5;8852;1323
6324;Долгосрочный;28.01.2013;20.09.2016;450499;3;98302;1324
6325;Чековый;18.09.2014;25.04.2016;447707;5;93298;1325
6326;Целевой;11.04.2010;09.03.2019;892312;2;97060;1326
6327;Депозитный;16.10.2012;25.01.2019;258796;3;77317;1327
6328;Чековый;14.10.2011;20.08.2018;337689;3;7447;1328
6329;Банковский;19.10.2012;23.03.2018;935989;5;25440;1329
6330;Банковский;26.11.2010;07.10.2016;941038;5;85439;1330
6331;Чековый;07.10.2015;26.08.2017;150157;4;14165;1331
6332;Чековый;12.10.2013;21.02.2020;471989;5;50786;1332
6333;Депозитный;17.07.2011;05.03.2018;799741;5;2485;1333
6334;Депозитный;30.12.2013;09.10.2019;806333;1;2845;1334
6335;Условный;21.01.2010;25.04.2016;388905;2;85921;1335
6336;Накопительный;17.09.2015;14.05.2017;643677;5;8787;1336
6337;Целевой;16.11.2010;30.01.2018;843235;3;71668;1337
6338;Чековый;08.02.2014;09.07.2016;245995;1;90065;1338
6339;Срочный;17.11.2010;25.11.2017;962982;1;63935;1339
6340;Именной;11.04.2011;09.05.2018;970605;4;35760;1340
6341;Депозитный;02.08.2013;27.02.2019;299060;1;75498;1341
6342;Целевой;05.04.2015;08.06.2017;677769;1;10156;1342
6343;Долгосрочный;16.01.2011;19.12.2018;758153;2;34289;1343
6344;Долгосрочный;09.06.2013;25.12.2019;897201;5;3023;1344
6345;Целевой;26.08.2012;24.01.2016;849285;4;92604;1345
6346;Накопительный;01.12.2014;10.08.2017;494876;4;38436;1346
6347;Целевой;06.01.2011;18.01.2017;811365;2;31506;1347
6348;Банковский;28.02.2012;11.03.2016;405044;4;3093;1348
6349;Именной;23.01.2010;15.04.2017;182695;3;1232;1349
6350;Условный;19.06.2013;15.08.2020;433798;1;11626;1350
6351;Долгосрочный;14.07.2014;12.03.2019;111465;2;81110;1351
6352;Именной;10.08.2011;08.06.2017;270723;2;8052;1352
6353;Долгосрочный;10.03.2013;16.10.2016;591700;4;86813;1353
6354;Долгосрочный;28.02.2013;28.08.2018;662266;5;56981;1354
6355;Чековый;11.09.2013;10.09.2016;668808;5;44516;1355
6356;Накопительный;16.11.2014;16.05.2016;314107;1;4217;1356
6357;Условный;17.08.2014;27.11.2016;122467;3;15619;1357
6358;Долгосрочный;14.08.2012;14.10.2018;203085;4;70188;1358
6359;Чековый;17.07.2011;18.02.2016;999741;2;74320;1359
6360;Целевой;19.03.2010;30.10.2019;480067;2;16306;1360
6361;Долгосрочный;08.07.2015;19.06.2017;623868;5;71422;1361
6362;Целевой;05.10.2014;28.07.2020;523628;2;13373;1362
6363;Чековый;28.02.2010;19.08.2016;405099;2;23362;1363
6364;Банковский;18.09.2012;31.12.2016;934789;3;24534;1364
6365;Накопительный;02.06.2014;12.03.2016;275644;5;36932;1365
6366;Долгосрочный;22.04.2012;23.11.2019;881271;4;99630;1366
6367;Чековый;11.04.2012;16.05.2018;349463;3;94477;1367
6368;Именной;02.08.2011;26.11.2018;775815;4;95292;1368
6369;Банковский;18.08.2015;12.05.2020;311391;2;18690;1369
6370;Депозитный;23.09.2010;08.01.2019;732045;2;60699;1370
6371;Банковский;11.05.2012;13.05.2017;885452;3;86134;1371
6372;Именной;22.10.2014;28.01.2019;269797;1;52582;1372
6373;Именной;16.01.2015;29.08.2019;396564;2;31635;1373
6374;Чековый;20.09.2010;09.12.2017;768539;4;55270;1374
6375;Условный;10.03.2013;14.06.2016;930451;3;94347;1375
6376;Банковский;30.05.2011;15.07.2020;389188;5;12605;1376
6377;Срочный;28.06.2011;04.05.2020;842419;4;5199;1377
6378;Депозитный;04.03.2010;07.12.2016;165365;3;19585;1378
6379;Чековый;21.12.2013;04.08.2017;818850;4;49134;1379
6380;Долгосрочный;17.02.2013;27.12.2018;515977;5;74329;1380
6381;Чековый;28.07.2013;16.08.2020;540323;5;15232;1381
6382;Депозитный;19.08.2013;02.06.2020;595285;5;82947;1382
6383;Целевой;08.12.2011;12.05.2020;409920;2;2163;1383
6384;Депозитный;13.09.2013;04.04.2017;940071;5;30020;1384
6385;Именной;10.01.2012;01.05.2017;549093;2;96723;1385
6386;Долгосрочный;17.04.2013;03.01.2017;234285;5;15169;1386
6387;Депозитный;25.05.2011;21.09.2016;149029;5;71444;1387
6388;Срочный;03.07.2015;07.01.2016;469999;2;52749;1388
6389;Банковский;19.07.2013;05.10.2018;621014;1;23414;1389
6390;Накопительный;05.06.2013;07.11.2020;101796;4;35597;1390
6391;Именной;23.05.2010;18.01.2017;421657;2;35050;1391
6392;Условный;31.10.2015;21.09.2020;845906;2;75643;1392
6393;Долгосрочный;23.02.2010;06.11.2018;790785;4;629;1393
6394;Условный;22.05.2014;18.03.2019;853382;3;74107;1394
6395;Именной;25.09.2012;15.05.2017;395515;1;62186;1395
6396;Накопительный;03.08.2012;01.11.2019;409695;5;27181;1396
6397;Долгосрочный;24.12.2015;20.07.2017;459268;1;30043;1397
6398;Накопительный;25.01.2010;11.04.2016;493174;5;44514;1398
6399;Накопительный;26.08.2011;29.11.2017;318501;3;94570;1399
6400;Депозитный;07.07.2011;30.03.2019;885166;4;33621;1400
6401;Банковский;19.09.2015;24.06.2017;456094;1;83977;1401
6402;Целевой;08.11.2010;07.04.2018;659262;3;95971;1402
6403;Срочный;29.10.2010;04.11.2017;794677;4;19857;1403
6404;Чековый;23.11.2010;30.12.2017;484787;1;78649;1404
6405;Долгосрочный;10.05.2010;23.10.2016;809858;1;97020;1405
6406;Условный;10.02.2014;26.09.2019;915100;2;15279;1406
6407;Срочный;13.01.2011;20.04.2016;352860;2;12435;1407
6408;Банковский;17.10.2011;02.04.2020;181956;4;62197;1408
6409;Целевой;31.07.2010;25.05.2018;727722;2;53975;1409
6410;Банковский;29.02.2012;03.03.2016;179063;5;34954;1410
6411;Целевой;21.03.2010;29.08.2019;775246;1;45226;1411
6412;Целевой;07.10.2011;18.06.2018;481439;4;74262;1412
6413;Банковский;10.08.2013;09.03.2020;989073;4;33060;1413
6414;Условный;20.09.2013;19.10.2017;540181;4;64970;1414
6415;Срочный;28.01.2011;11.01.2020;405122;1;43430;1415
6416;Условный;27.01.2012;03.11.2017;443691;5;73675;1416
6417;Депозитный;16.07.2011;05.11.2016;408192;4;56255;1417
6418;Долгосрочный;23.11.2012;07.09.2019;841327;4;28768;1418
6419;Долгосрочный;04.03.2012;14.01.2020;825124;5;24537;1419
6420;Депозитный;26.05.2014;24.01.2017;956470;5;7490;1420
6421;Накопительный;02.03.2013;27.08.2017;432162;1;2558;1421
6422;Банковский;22.08.2013;17.01.2018;854995;5;61505;1422
6423;Условный;11.07.2012;04.11.2018;945109;1;29777;1423
6424;Целевой;02.02.2013;25.03.2020;886448;2;88395;1424
6425;Чековый;15.05.2013;25.08.2020;392590;3;29987;1425
6426;Чековый;23.09.2013;01.11.2017;274132;5;37752;1426
6427;Срочный;09.09.2011;26.05.2019;652970;3;67490;1427
6428;Чековый;02.11.2012;18.01.2020;333358;5;90762;1428
6429;Чековый;01.12.2011;05.01.2018;695916;1;57983;1429
6430;Накопительный;19.03.2014;27.07.2016;780393;1;62407;1430
6431;Целевой;11.05.2011;18.12.2016;409201;4;17169;1431
6432;Долгосрочный;08.12.2011;17.04.2017;432756;5;73009;1432
6433;Долгосрочный;27.10.2015;18.09.2017;852944;3;96415;1433
6434;Чековый;02.06.2012;30.05.2019;378218;2;26865;1434
6435;Накопительный;18.06.2012;14.11.2018;222660;5;33353;1435
6436;Срочный;18.12.2010;10.07.2016;635355;4;13116;1436
6437;Условный;16.03.2013;24.05.2016;959306;4;60509;1437
6438;Целевой;19.05.2014;26.06.2020;291637;2;11272;1438
6439;Именной;04.10.2013;20.07.2020;192533;2;8752;1439
6440;Чековый;12.01.2011;10.01.2018;682346;3;87310;1440
6441;Банковский;10.08.2014;08.07.2018;160366;2;34351;1441
6442;Банковский;30.10.2012;21.06.2020;856134;5;11462;1442
6443;Условный;04.12.2011;13.10.2017;130636;4;67815;1443
6444;Целевой;29.06.2013;07.01.2016;409129;2;71724;1444
6445;Чековый;11.11.2011;02.10.2016;482461;1;38594;1445
6446;Целевой;31.08.2014;02.06.2020;644602;4;12777;1446
6447;Именной;22.02.2015;22.03.2020;445442;4;43735;1447
6448;Накопительный;25.02.2015;01.02.2018;746592;2;87315;1448
6449;Долгосрочный;31.05.2010;14.08.2018;297952;2;98463;1449
6450;Целевой;29.11.2015;02.11.2016;352570;3;35456;1450
6451;Условный;21.03.2010;29.02.2016;211419;2;38027;1451
6452;Депозитный;02.01.2011;03.12.2020;188393;1;89598;1452
6453;Депозитный;05.03.2015;17.05.2019;137587;2;81730;1453
6454;Долгосрочный;12.03.2014;06.01.2018;221967;4;18531;1454
6455;Условный;19.02.2015;20.07.2018;552180;5;65274;1455
6456;Долгосрочный;03.06.2010;03.04.2017;987129;5;71210;1456
6457;Банковский;18.11.2011;27.02.2016;530740;1;56296;1457
6458;Депозитный;18.09.2010;07.08.2016;366164;1;48085;1458
6459;Депозитный;14.03.2013;01.04.2017;620879;1;713;1459
6460;Именной;26.11.2012;17.01.2019;522508;5;37704;1460
6461;Накопительный;27.11.2015;17.05.2018;565954;4;36144;1461
6462;Срочный;09.09.2013;07.06.2018;140145;3;53888;1462
6463;Долгосрочный;02.08.2014;23.07.2017;772222;3;29493;1463
6464;Именной;14.04.2015;16.12.2016;171953;2;48868;1464
6465;Банковский;20.08.2014;07.05.2019;308054;1;93764;1465
6466;Именной;14.05.2013;12.08.2017;126586;4;24329;1466
6467;Депозитный;17.06.2011;24.12.2019;445064;2;60112;1467
6468;Именной;14.06.2014;24.01.2016;180155;4;86222;1468
6469;Целевой;15.04.2013;12.03.2019;763433;1;50352;1469
6470;Чековый;16.06.2012;04.11.2017;485341;3;4892;1470
6471;Срочный;22.07.2012;23.03.2016;120567;2;94505;1471
6472;Накопительный;24.07.2011;09.10.2017;173802;1;75690;1472
6473;Целевой;09.04.2010;24.12.2018;261497;5;94772;1473
6474;Накопительный;11.02.2010;29.12.2019;306858;1;64142;1474
6475;Долгосрочный;16.04.2013;29.06.2016;763092;5;4747;1475
6476;Депозитный;02.10.2011;22.01.2018;908051;4;89397;1476
6477;Долгосрочный;06.01.2010;07.02.2016;314747;4;85383;1477
6478;Накопительный;28.05.2011;08.12.2020;994815;3;87701;1478
6479;Именной;01.05.2015;23.12.2017;993713;5;66697;1479
6480;Депозитный;21.05.2013;25.11.2016;179797;1;32039;1480
6481;Целевой;02.05.2013;05.12.2020;797645;5;56563;1481
6482;Чековый;11.04.2014;17.08.2018;967043;1;46158;1482
6483;Долгосрочный;18.09.2011;20.08.2019;204682;5;87144;1483
6484;Именной;30.09.2010;30.12.2018;673557;1;15393;1484
6485;Банковский;03.04.2015;12.09.2019;942188;5;48375;1485
6486;Накопительный;12.01.2010;03.06.2018;931797;5;78365;1486
6487;Чековый;31.05.2015;14.03.2018;818050;2;68379;1487
6488;Долгосрочный;05.04.2010;12.09.2020;472989;1;45068;1488
6489;Накопительный;13.05.2010;24.08.2018;940630;2;54837;1489
6490;Банковский;12.04.2015;31.08.2020;618720;1;8180;1490
6491;Целевой;19.06.2011;14.06.2020;167139;1;44960;1491
6492;Накопительный;21.03.2012;27.03.2018;906930;2;1111;1492
6493;Долгосрочный;24.08.2011;29.05.2019;411799;2;40770;1493
6494;Срочный;05.06.2015;09.07.2019;537091;2;66142;1494
6495;Банковский;11.07.2012;23.09.2016;527877;1;94827;1495
6496;Условный;04.01.2012;24.02.2017;410584;3;10684;1496
6497;Долгосрочный;05.11.2010;27.08.2020;995705;2;63476;1497
6498;Накопительный;20.08.2011;10.01.2018;206865;3;80735;1498
6499;Чековый;31.12.2013;11.09.2020;116224;3;47875;1499
6500;Целевой;21.10.2014;08.01.2018;968835;3;31643;1500
6501;Накопительный;15.04.2012;26.12.2020;897807;2;54035;1501
6502;Срочный;13.04.2015;18.06.2019;421978;4;83489;1502
6503;Депозитный;12.08.2010;10.05.2020;584923;1;62762;1503
6504;Срочный;25.10.2015;24.05.2018;305912;5;76497;1504
6505;Условный;30.03.2014;24.01.2018;974654;4;58984;1505
6506;Условный;12.12.2013;22.11.2019;900335;4;90221;1506
6507;Условный;01.07.2014;27.04.2020;238793;4;57004;1507
6508;Банковский;26.12.2011;30.12.2020;693190;3;47152;1508
6509;Депозитный;03.10.2015;06.01.2019;877087;5;99789;1509
6510;Целевой;16.11.2010;03.01.2017;667837;3;96985;1510
6511;Именной;27.10.2014;27.04.2020;667988;5;51035;1511
6512;Именной;16.03.2015;13.03.2018;890029;4;412;1512
6513;Долгосрочный;30.12.2012;22.01.2017;791118;4;31419;1513
6514;Целевой;06.12.2011;16.03.2020;951393;4;24148;1514
6515;Условный;07.11.2010;25.12.2019;785199;1;65364;1515
6516;Долгосрочный;24.01.2013;09.09.2017;763835;1;80339;1516
6517;Депозитный;04.02.2015;29.05.2019;231802;2;39182;1517
6518;Накопительный;29.01.2014;02.12.2016;509496;4;66727;1518
6519;Именной;18.07.2010;28.10.2019;858720;5;47909;1519
6520;Условный;15.01.2015;21.06.2019;664953;2;62005;1520
6521;Условный;02.07.2013;26.05.2016;125151;1;97662;1521
6522;Депозитный;14.05.2013;09.03.2020;296543;1;89696;1522
6523;Депозитный;31.08.2012;16.07.2018;502900;3;3800;1523
6524;Долгосрочный;23.03.2010;08.01.2019;402342;5;82185;1524
6525;Условный;24.10.2012;24.11.2016;287646;4;79012;1525
6526;Срочный;13.05.2014;27.06.2017;700491;2;11598;1526
6527;Банковский;13.05.2014;04.07.2016;717899;5;69849;1527
6528;Депозитный;15.07.2010;09.10.2016;975889;3;60983;1528
6529;Депозитный;17.02.2015;05.12.2019;119623;4;63138;1529
6530;Чековый;26.02.2011;23.10.2020;943074;2;91202;1530
6531;Целевой;11.04.2014;22.07.2020;187544;3;262;1531
6532;Накопительный;17.06.2011;21.10.2018;453358;2;12372;1532
6533;Чековый;23.11.2011;22.07.2017;237592;1;80051;1533
6534;Чековый;17.10.2011;01.01.2018;803521;5;85897;1534
6535;Срочный;10.02.2011;24.12.2019;488027;1;89374;1535
6536;Депозитный;28.03.2014;18.10.2018;171056;5;42251;1536
6537;Накопительный;22.03.2013;21.01.2019;610710;1;30312;1537
6538;Банковский;11.04.2010;28.04.2020;207922;5;75824;1538
6539;Срочный;26.09.2015;19.10.2018;206411;2;25415;1539
6540;Именной;14.08.2013;27.03.2016;405749;5;3600;1540
6541;Срочный;11.10.2012;11.04.2016;302857;3;85956;1541
6542;Депозитный;05.01.2014;15.04.2016;445954;1;35968;1542
6543;Именной;22.10.2010;17.04.2019;350670;3;4020;1543
6544;Целевой;19.01.2011;14.11.2020;446555;2;19217;1544
6545;Накопительный;30.01.2014;16.04.2020;509071;4;54324;1545
6546;Чековый;20.10.2012;25.09.2016;461982;5;74270;1546
6547;Срочный;23.10.2013;26.09.2016;867122;2;15985;1547
6548;Именной;29.05.2011;31.05.2018;270998;2;36781;1548
6549;Условный;22.05.2010;14.04.2019;572083;3;28878;1549
6550;Депозитный;13.04.2015;02.03.2016;256727;1;8375;1550
6551;Депозитный;16.09.2015;14.06.2020;675832;2;55947;1551
6552;Банковский;18.03.2015;24.06.2017;969448;2;8232;1552
6553;Целевой;28.12.2013;13.09.2017;492603;3;30221;1553
6554;Долгосрочный;29.11.2014;27.04.2020;973754;3;66074;1554
6555;Целевой;28.12.2010;16.01.2016;521444;1;30415;1555
6556;Накопительный;09.05.2012;24.10.2017;699402;1;97560;1556
6557;Срочный;08.02.2015;17.08.2016;139220;1;37829;1557
6558;Условный;11.06.2011;29.12.2019;784265;4;9029;1558
6559;Чековый;17.04.2011;04.12.2018;109022;5;68186;1559
6560;Накопительный;22.04.2013;24.09.2019;122036;4;63627;1560
6561;Депозитный;10.03.2014;09.06.2020;304233;4;40826;1561
6562;Чековый;13.11.2015;14.02.2016;910330;1;32656;1562
6563;Долгосрочный;23.06.2012;02.02.2019;852660;2;60795;1563
6564;Чековый;04.11.2015;25.10.2019;887088;3;13918;1564
6565;Долгосрочный;15.10.2013;08.09.2019;304590;1;76656;1565
6566;Банковский;03.12.2014;14.02.2016;423452;2;42129;1566
6567;Целевой;29.03.2011;13.02.2017;989470;1;89099;1567
6568;Срочный;06.04.2015;19.11.2017;202002;4;94261;1568
6569;Срочный;23.11.2011;27.03.2020;337930;4;78769;1569
6570;Накопительный;10.01.2015;12.06.2016;166775;1;54;1570
6571;Целевой;13.03.2011;16.06.2016;905741;5;7560;1571
6572;Банковский;08.02.2010;07.03.2020;266578;1;30313;1572
6573;Именной;05.10.2014;01.09.2018;382768;1;42417;1573
6574;Срочный;05.10.2015;07.06.2016;902621;2;83571;1574
6575;Депозитный;20.06.2012;29.11.2016;159991;2;30880;1575
6576;Целевой;10.05.2015;02.11.2018;946754;5;34896;1576
6577;Целевой;13.04.2015;26.11.2018;330970;3;77203;1577
6578;Именной;03.11.2014;14.05.2018;147419;4;13092;1578
6579;Целевой;16.10.2014;07.06.2019;696894;3;57050;1579
6580;Банковский;15.03.2011;26.07.2017;459668;3;14997;1580
6581;Накопительный;24.10.2014;09.02.2020;629361;4;18390;1581
6582;Долгосрочный;30.07.2014;26.10.2018;353682;4;43120;1582
6583;Депозитный;07.02.2010;12.02.2017;528752;5;57627;1583
6584;Долгосрочный;15.03.2013;17.08.2018;448480;3;8446;1584
6585;Именной;07.07.2010;29.10.2020;102441;1;49104;1585
6586;Срочный;09.11.2011;21.03.2016;490969;3;42161;1586
6587;Именной;17.08.2012;28.06.2017;509148;3;73017;1587
6588;Депозитный;19.01.2012;07.01.2016;786455;4;63696;1588
6589;Срочный;16.03.2014;17.05.2019;858972;3;64696;1589
6590;Депозитный;04.08.2013;10.09.2019;730216;3;77226;1590
6591;Целевой;27.06.2012;04.01.2016;541228;5;74368;1591
6592;Срочный;05.10.2010;06.12.2019;755747;3;57495;1592
6593;Чековый;14.09.2012;21.06.2020;714366;1;46376;1593
6594;Долгосрочный;18.09.2011;11.02.2019;428277;3;66106;1594
6595;Именной;12.10.2014;29.10.2020;146955;4;96617;1595
6596;Именной;28.05.2015;19.06.2017;461881;4;57620;1596
6597;Целевой;31.08.2013;25.02.2018;353372;2;68572;1597
6598;Срочный;13.08.2013;21.06.2016;348224;2;18232;1598
6599;Именной;10.03.2014;25.10.2018;138761;2;689;1599
6600;Накопительный;01.05.2015;27.07.2019;959864;4;22515;1600
6601;Долгосрочный;09.12.2014;19.11.2019;980655;3;75060;1601
6602;Именной;21.02.2014;31.05.2018;135813;4;46622;1602
6603;Условный;21.01.2013;30.10.2017;163412;1;84543;1603
6604;Накопительный;13.11.2012;30.03.2019;508479;1;33665;1604
6605;Срочный;26.05.2011;19.12.2016;631265;2;27748;1605
6606;Банковский;20.01.2011;06.02.2020;358883;1;66980;1606
6607;Срочный;30.12.2010;20.03.2020;713021;3;6081;1607
6608;Целевой;25.07.2012;30.12.2020;417323;4;1445;1608
6609;Срочный;14.04.2015;07.03.2016;247021;5;8117;1609
6610;Долгосрочный;22.12.2015;04.04.2020;879295;5;22263;1610
6611;Долгосрочный;21.12.2013;05.08.2017;966580;1;27453;1611
6612;Накопительный;21.11.2011;24.07.2016;960115;3;54472;1612
6613;Чековый;24.01.2012;30.08.2017;225914;3;39794;1613
6614;Накопительный;25.11.2012;13.07.2017;514617;4;38706;1614
6615;Накопительный;27.11.2014;06.11.2016;724415;3;18640;1615
6616;Депозитный;15.06.2011;27.10.2016;854838;2;42015;1616
6617;Долгосрочный;04.10.2013;24.01.2019;730426;3;39616;1617
6618;Чековый;17.02.2014;17.01.2018;404929;3;96023;1618
6619;Целевой;06.10.2011;01.06.2017;784088;4;50942;1619
6620;Чековый;29.09.2014;13.01.2020;100992;4;15033;1620
6621;Целевой;20.10.2011;02.12.2020;198181;2;41527;1621
6622;Условный;03.10.2015;29.03.2019;716344;1;61556;1622
6623;Долгосрочный;21.02.2015;18.10.2019;974559;1;82596;1623
6624;Целевой;01.05.2011;12.04.2016;269147;4;50259;1624
6625;Долгосрочный;12.05.2015;24.04.2018;916041;4;39199;1625
6626;Целевой;16.08.2014;11.12.2019;181492;5;11603;1626
6627;Срочный;21.05.2015;19.04.2020;233329;2;41578;1627
6628;Долгосрочный;29.07.2015;27.02.2018;316936;5;32366;1628
6629;Долгосрочный;18.03.2013;28.09.2018;408279;4;91191;1629
6630;Накопительный;21.10.2014;16.09.2016;173427;5;2930;1630
6631;Накопительный;24.02.2011;03.02.2017;795384;3;97609;1631
6632;Целевой;16.11.2010;02.10.2017;500103;2;85919;1632
6633;Депозитный;20.01.2015;12.04.2016;304556;1;81171;1633
6634;Срочный;25.07.2011;20.05.2016;224611;4;70018;1634
6635;Именной;07.07.2015;11.06.2017;716928;5;18039;1635
6636;Депозитный;10.05.2015;27.10.2019;702857;4;60905;1636
6637;Долгосрочный;17.05.2010;15.12.2016;456941;3;52626;1637
6638;Долгосрочный;28.10.2012;11.12.2019;709063;2;51906;1638
6639;Чековый;30.07.2015;29.03.2016;911965;4;62598;1639
6640;Условный;10.02.2011;05.04.2016;782467;1;74287;1640
6641;Депозитный;09.10.2012;26.05.2020;401399;4;51755;1641
6642;Банковский;23.02.2014;26.07.2017;563335;5;90631;1642
6643;Долгосрочный;19.07.2011;04.10.2020;910684;2;75626;1643
6644;Именной;25.11.2012;20.10.2016;507572;4;61933;1644
6645;Накопительный;28.10.2015;23.09.2017;877568;4;56279;1645
6646;Чековый;12.03.2011;17.12.2019;698694;5;83412;1646
6647;Депозитный;24.04.2015;05.09.2016;122148;4;15848;1647
6648;Срочный;26.05.2012;20.12.2020;158720;1;53538;1648
6649;Срочный;01.06.2010;08.09.2020;112890;4;64677;1649
6650;Банковский;05.09.2013;13.12.2020;391143;5;53414;1650
6651;Накопительный;02.08.2014;09.05.2020;231553;5;23746;1651
6652;Срочный;17.11.2013;11.04.2016;169140;5;7658;1652
6653;Чековый;30.07.2015;18.01.2017;855906;3;14934;1653
6654;Долгосрочный;15.11.2012;17.04.2016;832336;4;24406;1654
6655;Условный;14.06.2010;24.04.2017;803072;5;49629;1655
6656;Депозитный;17.06.2011;06.09.2017;187246;4;588;1656
6657;Депозитный;07.11.2014;27.03.2017;919421;2;72968;1657
6658;Чековый;18.07.2010;08.10.2018;376314;4;33186;1658
6659;Депозитный;21.06.2014;14.01.2017;938878;3;38143;1659
6660;Депозитный;17.10.2015;20.04.2018;852479;4;10074;1660
6661;Чековый;10.02.2014;25.03.2017;695144;5;59545;1661
6662;Накопительный;06.06.2013;29.06.2019;831337;1;48497;1662
6663;Долгосрочный;21.04.2011;26.12.2018;963576;1;11118;1663
6664;Депозитный;03.05.2010;05.05.2016;437325;1;42996;1664
6665;Банковский;04.12.2010;15.09.2017;894995;3;50390;1665
6666;Чековый;23.03.2011;06.07.2020;733206;1;58568;1666
6667;Банковский;01.10.2012;01.11.2019;562675;5;10321;1667
6668;Долгосрочный;01.01.2011;30.04.2018;350324;5;92903;1668
6669;Срочный;17.05.2013;02.06.2019;727837;3;58109;1669
6670;Условный;07.01.2010;16.08.2018;970596;4;6032;1670
6671;Именной;28.05.2011;04.01.2017;772220;3;43484;1671
6672;Депозитный;05.06.2013;14.07.2018;973853;3;65659;1672
6673;Срочный;08.06.2012;06.11.2019;896670;5;19758;1673
6674;Долгосрочный;18.04.2013;11.06.2020;993197;5;45877;1674
6675;Банковский;10.09.2013;16.06.2018;535978;1;96878;1675
6676;Долгосрочный;07.09.2013;12.09.2019;573650;4;12163;1676
6677;Долгосрочный;13.10.2015;02.02.2016;774716;3;82058;1677
6678;Именной;22.05.2010;06.10.2018;942270;2;90812;1678
6679;Долгосрочный;05.07.2014;23.08.2018;450512;5;78075;1679
6680;Долгосрочный;25.06.2012;24.12.2019;495942;1;76165;1680
6681;Долгосрочный;02.03.2011;27.12.2018;223625;4;74357;1681
6682;Именной;08.06.2014;03.02.2020;503033;5;43475;1682
6683;Условный;14.04.2015;29.10.2020;425775;4;66417;1683
6684;Депозитный;22.11.2014;24.02.2016;751289;3;59464;1684
6685;Банковский;23.03.2015;16.07.2018;206453;3;62980;1685
6686;Чековый;17.11.2011;06.07.2018;825039;1;50660;1686
6687;Именной;03.08.2013;04.08.2020;499261;3;22648;1687
6688;Условный;30.07.2013;18.01.2018;629992;3;59746;1688
6689;Срочный;10.11.2015;10.07.2020;106221;2;87503;1689
6690;Накопительный;27.05.2015;28.09.2020;917731;2;70397;1690
6691;Чековый;25.03.2012;29.07.2020;665856;5;35029;1691
6692;Именной;02.07.2015;19.04.2019;381462;4;6904;1692
6693;Банковский;21.01.2012;27.05.2019;191817;3;53615;1693
6694;Условный;06.06.2010;24.06.2017;123068;4;71223;1694
6695;Долгосрочный;02.11.2011;10.07.2016;260700;4;98497;1695
6696;Именной;23.02.2010;31.03.2019;805691;4;30588;1696
6697;Долгосрочный;25.03.2013;11.06.2017;579084;2;6566;1697
6698;Депозитный;22.01.2011;15.12.2020;398006;5;75094;1698
6699;Целевой;16.12.2010;13.07.2019;591136;5;93848;1699
6700;Долгосрочный;29.03.2011;01.03.2016;141192;5;88913;1700
6701;Банковский;03.02.2010;18.02.2020;247502;3;16852;1701
6702;Именной;26.07.2015;16.10.2018;796235;5;8611;1702
6703;Срочный;28.08.2013;23.07.2019;626446;2;21727;1703
6704;Накопительный;16.12.2015;19.09.2016;773206;5;97205;1704
6705;Срочный;17.12.2012;20.10.2017;228316;1;57315;1705
6706;Долгосрочный;10.05.2011;20.01.2019;604444;3;95507;1706
6707;Накопительный;10.08.2014;20.03.2020;592760;3;18114;1707
6708;Именной;02.09.2013;26.08.2016;882935;5;10160;1708
6709;Банковский;18.08.2013;09.07.2018;147151;3;66300;1709
6710;Чековый;04.06.2011;05.08.2016;942401;5;36250;1710
6711;Накопительный;05.09.2015;07.10.2019;798764;1;43763;1711
6712;Банковский;18.02.2014;02.10.2017;301386;4;45507;1712
6713;Долгосрочный;13.09.2014;27.03.2017;387485;3;65534;1713
6714;Чековый;03.05.2014;16.08.2020;927137;3;99058;1714
6715;Целевой;16.01.2014;18.05.2018;504742;2;88480;1715
6716;Условный;21.03.2011;20.01.2016;694682;5;12344;1716
6717;Срочный;07.06.2012;04.03.2016;485722;1;49287;1717
6718;Условный;15.09.2013;19.07.2018;231741;5;90979;1718
6719;Целевой;02.10.2015;31.08.2016;549547;5;53359;1719
6720;Условный;16.02.2014;12.04.2016;795669;1;21473;1720
6721;Долгосрочный;28.01.2011;18.06.2016;962744;1;35683;1721
6722;Именной;21.02.2015;10.01.2016;850944;3;71955;1722
6723;Именной;05.11.2014;11.06.2020;206803;5;89929;1723
6724;Условный;16.02.2014;23.07.2017;212207;1;33117;1724
6725;Депозитный;22.09.2014;15.01.2016;983839;3;31721;1725
6726;Целевой;25.09.2012;28.04.2018;152299;3;37805;1726
6727;Условный;09.12.2015;27.09.2016;376353;3;38031;1727
6728;Депозитный;01.10.2012;14.05.2020;147941;2;17918;1728
6729;Накопительный;01.09.2014;10.10.2018;537173;2;52159;1729
6730;Накопительный;04.01.2015;14.11.2017;495496;1;95640;1730
6731;Долгосрочный;27.04.2010;23.01.2016;864267;4;25500;1731
6732;Банковский;05.07.2015;28.09.2019;797949;2;71375;1732
6733;Накопительный;18.03.2014;19.11.2019;646765;1;41148;1733
6734;Долгосрочный;30.05.2012;09.02.2018;745098;5;41251;1734
6735;Условный;12.07.2013;30.11.2020;725110;1;55572;1735
6736;Целевой;21.02.2015;22.09.2019;870133;2;52557;1736
6737;Долгосрочный;14.01.2013;18.07.2017;154530;4;76483;1737
6738;Целевой;06.04.2012;20.07.2018;188611;2;29185;1738
6739;Долгосрочный;22.06.2014;28.07.2020;810218;5;51714;1739
6740;Срочный;20.04.2012;26.01.2019;419686;3;82442;1740
6741;Условный;19.01.2011;21.10.2020;831378;3;32871;1741
6742;Целевой;27.03.2015;11.02.2016;576492;4;71649;1742
6743;Накопительный;07.01.2010;29.01.2017;792394;1;30686;1743
6744;Банковский;18.10.2013;14.03.2018;862638;4;42847;1744
6745;Целевой;17.09.2013;20.09.2018;150798;5;75520;1745
6746;Долгосрочный;28.04.2011;16.09.2017;121801;1;92073;1746
6747;Срочный;20.01.2011;11.07.2017;771395;4;71975;1747
6748;Именной;18.04.2014;27.05.2017;490850;3;83709;1748
6749;Накопительный;19.11.2014;24.09.2020;275083;5;29304;1749
6750;Именной;19.04.2013;21.01.2019;232501;1;97221;1750
6751;Чековый;16.02.2014;26.07.2017;956408;4;46025;1751
6752;Накопительный;20.07.2015;14.04.2016;290797;5;6647;1752
6753;Именной;09.03.2011;01.05.2018;899634;2;30404;1753
6754;Именной;13.09.2013;09.10.2019;789372;3;20421;1754
6755;Накопительный;07.07.2010;04.03.2016;116018;5;98003;1755
6756;Чековый;14.02.2011;27.06.2019;545915;4;36807;1756
6757;Условный;26.10.2011;02.12.2017;203382;4;58846;1757
6758;Целевой;16.04.2015;05.09.2019;608426;1;5521;1758
6759;Условный;20.10.2014;30.08.2016;663774;5;46747;1759
6760;Именной;31.07.2014;13.08.2018;137842;5;89997;1760
6761;Целевой;02.12.2013;25.12.2019;373817;1;74248;1761
6762;Долгосрочный;05.01.2015;30.05.2016;173817;1;93593;1762
6763;Именной;09.01.2011;18.12.2018;449613;3;5024;1763
6764;Долгосрочный;03.04.2011;17.06.2020;844559;1;75089;1764
6765;Банковский;01.06.2015;13.06.2019;500676;1;57600;1765
6766;Условный;27.06.2013;24.03.2019;331897;4;60957;1766
6767;Срочный;15.03.2014;12.02.2018;158756;2;2764;1767
6768;Целевой;30.05.2013;15.06.2016;133236;5;49576;1768
6769;Целевой;09.05.2011;10.05.2017;532167;5;44638;1769
6770;Чековый;15.12.2013;31.01.2019;737377;4;24289;1770
6771;Накопительный;25.06.2013;21.01.2019;455122;1;39228;1771
6772;Срочный;04.01.2015;11.05.2018;362172;2;61380;1772
6773;Чековый;24.09.2015;23.09.2018;687718;3;72871;1773
6774;Депозитный;07.10.2010;22.12.2019;279282;1;47891;1774
6775;Чековый;13.09.2012;14.08.2017;638696;4;51357;1775
6776;Банковский;27.11.2013;23.03.2020;810930;1;37393;1776
6777;Депозитный;17.11.2012;19.09.2016;920681;2;46885;1777
6778;Банковский;30.04.2015;01.07.2016;539513;1;97321;1778
6779;Условный;01.07.2012;23.10.2017;792571;4;42232;1779
6780;Накопительный;25.07.2011;06.08.2016;385348;1;9751;1780
6781;Долгосрочный;08.04.2012;31.12.2017;658550;4;49075;1781
6782;Целевой;05.08.2011;12.09.2017;148250;3;98873;1782
6783;Банковский;25.11.2011;27.04.2020;294889;3;22071;1783
6784;Депозитный;11.04.2014;21.12.2016;451225;5;63542;1784
6785;Условный;15.11.2014;29.05.2019;800060;2;57124;1785
6786;Депозитный;06.01.2015;18.02.2017;154548;4;46297;1786
6787;Долгосрочный;30.05.2011;17.04.2017;986265;1;14805;1787
6788;Депозитный;28.11.2011;27.06.2016;443940;5;50072;1788
6789;Депозитный;05.01.2011;29.10.2020;727991;3;89792;1789
6790;Банковский;11.01.2013;16.03.2019;800811;4;82144;1790
6791;Накопительный;12.08.2011;29.04.2018;531185;5;71118;1791
6792;Срочный;29.01.2012;22.11.2017;165149;3;49003;1792
6793;Долгосрочный;04.09.2015;05.05.2019;985188;4;37145;1793
6794;Накопительный;02.01.2015;26.09.2016;133266;3;56587;1794
6795;Накопительный;04.04.2013;06.10.2017;960239;4;5049;1795
6796;Именной;25.11.2015;26.09.2019;272482;4;31291;1796
6797;Банковский;27.05.2015;11.08.2019;786478;2;26874;1797
6798;Целевой;24.09.2013;22.10.2019;928759;3;54211;1798
6799;Именной;13.11.2012;10.03.2018;219860;5;97893;1799
6800;Срочный;16.03.2013;27.10.2020;874774;5;47082;1800
6801;Долгосрочный;04.08.2012;08.07.2020;487360;2;76162;1801
6802;Банковский;17.05.2014;25.10.2020;161226;3;25503;1802
6803;Долгосрочный;26.10.2011;12.03.2020;875095;1;5571;1803
6804;Долгосрочный;28.03.2015;04.12.2020;112800;1;39569;1804
6805;Банковский;13.05.2011;25.01.2018;976613;3;56702;1805
6806;Чековый;14.12.2010;30.10.2020;826651;3;8656;1806
6807;Именной;04.12.2014;31.05.2018;491285;5;91286;1807
6808;Именной;25.11.2010;25.09.2017;421707;4;72088;1808
6809;Долгосрочный;24.11.2010;06.07.2019;625044;5;33249;1809
6810;Банковский;17.04.2012;23.02.2017;289358;2;41661;1810
6811;Банковский;27.07.2012;05.10.2018;565695;2;39587;1811
6812;Накопительный;14.06.2014;18.01.2020;554934;4;72744;1812
6813;Условный;11.04.2012;02.10.2018;426539;3;21090;1813
6814;Именной;10.07.2015;16.02.2017;915780;1;75944;1814
6815;Чековый;04.04.2012;19.12.2016;664356;2;93010;1815
6816;Срочный;30.09.2012;30.03.2017;771024;4;63086;1816
6817;Накопительный;01.11.2014;22.12.2017;651939;4;34636;1817
6818;Целевой;10.01.2011;10.04.2018;996148;2;48101;1818
6819;Накопительный;24.09.2011;02.05.2018;203278;3;7085;1819
6820;Накопительный;06.12.2015;21.12.2019;653992;1;24092;1820
6821;Целевой;30.12.2013;17.07.2020;791143;1;69764;1821
6822;Банковский;22.11.2012;23.07.2019;584965;2;50583;1822
6823;Депозитный;20.07.2015;05.10.2018;597904;2;62299;1823
6824;Чековый;04.09.2013;09.02.2017;435453;5;40397;1824
6825;Именной;16.08.2012;21.02.2020;131163;3;36229;1825
6826;Долгосрочный;04.12.2012;01.01.2019;796955;3;98888;1826
6827;Депозитный;19.03.2011;29.12.2016;540406;3;39037;1827
6828;Депозитный;24.11.2010;18.12.2018;675688;3;38493;1828
6829;Банковский;07.11.2015;25.02.2016;230148;5;61585;1829
6830;Именной;31.01.2014;01.07.2017;787342;3;80751;1830
6831;Банковский;18.09.2012;01.03.2018;525363;1;58936;1831
6832;Чековый;18.12.2010;22.09.2016;494275;1;59081;1832
6833;Долгосрочный;11.06.2015;24.04.2020;846065;5;1809;1833
6834;Срочный;16.06.2011;26.11.2018;379363;4;14373;1834
6835;Накопительный;31.08.2015;11.07.2018;726668;1;78413;1835
6836;Депозитный;02.06.2012;06.03.2018;447053;1;16403;1836
6837;Именной;18.08.2011;10.08.2019;271321;1;16539;1837
6838;Условный;23.09.2010;06.05.2016;950608;3;14787;1838
6839;Срочный;16.11.2013;29.06.2016;281332;4;39604;1839
6840;Условный;19.03.2013;20.08.2019;614179;5;16379;1840
6841;Депозитный;12.06.2012;20.05.2020;905620;2;67982;1841
6842;Условный;26.02.2012;26.10.2019;275105;1;65357;1842
6843;Именной;16.06.2011;28.11.2019;239773;4;44525;1843
6844;Условный;31.05.2010;27.02.2019;918648;4;9487;1844
6845;Долгосрочный;04.08.2010;10.10.2018;352869;3;29480;1845
6846;Условный;11.01.2014;01.01.2020;544767;1;91329;1846
6847;Накопительный;22.05.2012;13.07.2019;557704;2;73815;1847
6848;Условный;26.05.2013;04.01.2016;981864;2;90918;1848
6849;Именной;01.10.2015;26.04.2017;371519;4;10510;1849
6850;Банковский;30.08.2011;07.05.2018;911304;2;7171;1850
6851;Именной;28.08.2011;31.10.2018;407486;1;28172;1851
6852;Чековый;18.08.2010;05.05.2016;405871;1;92599;1852
6853;Банковский;20.06.2010;06.11.2017;145609;1;9221;1853
6854;Целевой;25.10.2015;24.05.2018;616041;5;21716;1854
6855;Банковский;23.10.2011;30.12.2019;398238;1;50095;1855
6856;Целевой;25.10.2015;03.03.2020;184760;5;95019;1856
6857;Условный;13.06.2015;27.08.2020;682987;3;94449;1857
6858;Чековый;17.09.2012;13.05.2018;718610;1;90887;1858
6859;Долгосрочный;27.01.2011;10.03.2016;808565;1;94813;1859
6860;Условный;03.09.2013;23.07.2019;565356;1;90348;1860
6861;Депозитный;14.06.2012;07.11.2019;307672;4;66287;1861
6862;Условный;25.06.2015;19.12.2019;635186;4;40145;1862
6863;Долгосрочный;05.12.2010;27.01.2020;243056;5;19557;1863
6864;Депозитный;12.02.2015;28.01.2018;568953;2;41151;1864
6865;Банковский;05.08.2012;08.01.2020;579140;3;88022;1865
6866;Депозитный;18.02.2015;02.07.2018;736910;3;44517;1866
6867;Срочный;21.03.2013;28.07.2018;357650;5;38139;1867
6868;Накопительный;29.12.2011;08.07.2016;242145;1;3790;1868
6869;Долгосрочный;21.03.2012;15.02.2019;500740;2;30470;1869
6870;Целевой;12.01.2011;03.03.2019;138454;3;17103;1870
6871;Депозитный;28.09.2012;22.11.2018;682023;3;53919;1871
6872;Именной;16.04.2011;31.10.2019;660234;1;85191;1872
6873;Целевой;22.03.2010;12.08.2017;889718;1;73215;1873
6874;Целевой;05.11.2012;29.08.2019;744567;3;36947;1874
6875;Срочный;03.05.2015;12.10.2020;707584;3;19698;1875
6876;Срочный;14.11.2010;02.05.2020;710919;3;11040;1876
6877;Банковский;24.11.2014;06.11.2018;545056;1;3603;1877
6878;Депозитный;19.01.2014;22.12.2018;646508;2;85790;1878
6879;Накопительный;24.06.2015;17.01.2020;998426;4;42121;1879
6880;Банковский;01.09.2012;04.03.2017;846205;3;34476;1880
6881;Срочный;25.04.2010;17.09.2020;601208;5;22875;1881
6882;Именной;12.11.2014;04.07.2017;983751;4;97145;1882
6883;Депозитный;20.05.2011;25.04.2018;836931;3;61560;1883
6884;Именной;08.06.2013;02.01.2017;554503;5;366;1884
6885;Срочный;05.02.2014;11.07.2018;287992;3;36454;1885
6886;Чековый;26.09.2010;15.05.2018;204584;4;31373;1886
6887;Чековый;29.07.2015;24.01.2019;623976;1;302;1887
6888;Чековый;07.12.2014;24.12.2020;683164;1;47950;1888
6889;Банковский;04.11.2010;04.03.2019;216780;3;90548;1889
6890;Банковский;19.04.2012;23.12.2019;784006;5;51241;1890
6891;Накопительный;09.01.2013;16.11.2019;530982;1;72372;1891
6892;Срочный;03.09.2011;02.12.2017;140323;3;42101;1892
6893;Условный;22.11.2012;28.06.2016;841015;1;91180;1893
6894;Целевой;10.11.2012;10.11.2019;250292;3;73526;1894
6895;Депозитный;11.09.2010;12.12.2020;818514;3;55263;1895
6896;Депозитный;10.02.2010;12.10.2018;304822;2;21437;1896
6897;Долгосрочный;26.09.2014;03.12.2017;859633;4;50072;1897
6898;Чековый;09.05.2011;06.10.2019;375083;4;80810;1898
6899;Долгосрочный;30.08.2010;15.11.2019;643399;2;79615;1899
6900;Именной;24.05.2013;10.05.2017;481307;5;62281;1900
6901;Чековый;26.10.2014;27.05.2017;167351;4;59080;1901
6902;Банковский;19.10.2012;16.12.2016;219332;5;62353;1902
6903;Срочный;15.09.2014;22.08.2017;414920;3;42590;1903
6904;Срочный;24.07.2013;26.03.2017;215387;2;68014;1904
6905;Накопительный;25.11.2014;26.06.2019;158548;2;46718;1905
6906;Именной;24.04.2012;30.10.2016;753070;1;59034;1906
6907;Долгосрочный;28.05.2012;29.11.2020;882427;1;10588;1907
6908;Срочный;07.04.2015;26.12.2019;386767;4;82233;1908
6909;Срочный;22.11.2014;02.10.2019;753927;4;37850;1909
6910;Депозитный;11.07.2010;13.09.2016;744059;3;24310;1910
6911;Банковский;19.09.2012;16.07.2020;984455;1;99657;1911
6912;Депозитный;29.12.2012;22.08.2019;440987;4;22474;1912
6913;Банковский;15.03.2015;10.06.2016;953586;3;48697;1913
6914;Срочный;29.07.2012;28.11.2020;118230;2;7782;1914
6915;Срочный;02.02.2011;24.04.2016;939151;4;69152;1915
6916;Целевой;17.10.2011;15.05.2018;989114;2;65989;1916
6917;Долгосрочный;03.08.2014;09.05.2018;673569;5;17075;1917
6918;Депозитный;05.08.2010;20.02.2017;939355;3;77550;1918
6919;Депозитный;15.01.2012;31.12.2017;398360;5;78324;1919
6920;Долгосрочный;20.06.2013;13.06.2018;824586;1;2316;1920
6921;Чековый;26.06.2015;19.12.2018;656374;1;21427;1921
6922;Долгосрочный;17.08.2015;30.12.2018;600454;2;98696;1922
6923;Чековый;05.04.2011;02.08.2017;101827;5;56516;1923
6924;Именной;30.04.2010;16.06.2020;947915;5;72212;1924
6925;Накопительный;10.11.2012;07.11.2016;197335;2;45040;1925
6926;Именной;27.02.2013;02.11.2019;370016;4;80705;1926
6927;Чековый;14.03.2015;27.10.2017;184243;4;87625;1927
6928;Долгосрочный;19.05.2010;27.09.2017;743503;1;55840;1928
6929;Именной;20.07.2014;20.04.2017;473874;4;99492;1929
6930;Чековый;15.01.2010;06.11.2017;156504;5;85234;1930
6931;Условный;07.03.2014;14.12.2016;680531;5;47611;1931
6932;Целевой;24.01.2010;04.02.2017;730269;5;11641;1932
6933;Долгосрочный;13.02.2015;22.03.2020;490055;1;3145;1933
6934;Целевой;23.12.2010;16.05.2017;505773;4;21929;1934
6935;Чековый;18.12.2010;08.10.2019;145575;1;99932;1935
6936;Накопительный;20.06.2010;28.09.2020;424190;3;61598;1936
6937;Чековый;07.03.2013;11.04.2019;207173;2;59925;1937
6938;Долгосрочный;26.06.2014;28.06.2016;256834;3;8237;1938
6939;Именной;06.11.2014;02.11.2019;944225;5;40195;1939
6940;Целевой;15.01.2011;07.07.2019;938980;5;75522;1940
6941;Депозитный;03.04.2012;07.04.2017;299484;3;15251;1941
6942;Чековый;21.05.2010;04.11.2020;556645;2;24011;1942
6943;Чековый;17.04.2013;18.01.2018;591412;1;87453;1943
6944;Депозитный;26.10.2010;27.04.2017;421358;5;6970;1944
6945;Депозитный;12.02.2011;15.10.2017;311511;3;56067;1945
6946;Банковский;23.09.2014;19.09.2018;915718;3;92787;1946
6947;Целевой;20.12.2010;12.05.2017;169230;2;68937;1947
6948;Банковский;19.02.2011;02.11.2016;409469;3;36575;1948
6949;Банковский;15.08.2013;10.02.2018;825812;3;1220;1949
6950;Накопительный;27.04.2010;12.05.2017;215812;2;93472;1950
6951;Банковский;20.05.2010;29.10.2018;821199;2;96055;1951
6952;Чековый;08.11.2013;23.06.2016;840086;4;84769;1952
6953;Условный;27.01.2010;28.04.2018;164582;1;94801;1953
6954;Долгосрочный;18.08.2014;31.07.2020;717186;2;87187;1954
6955;Долгосрочный;17.12.2011;08.11.2018;280263;2;94871;1955
6956;Чековый;28.01.2015;31.07.2018;531977;5;2008;1956
6957;Накопительный;15.01.2014;19.09.2016;884966;4;5553;1957
6958;Чековый;25.04.2011;22.07.2017;636619;2;39102;1958
6959;Долгосрочный;21.08.2015;21.09.2017;338347;1;51761;1959
6960;Срочный;11.05.2012;12.11.2018;741866;1;69807;1960
6961;Условный;24.09.2010;09.06.2016;185452;1;93924;1961
6962;Накопительный;20.02.2015;29.11.2017;730363;2;77090;1962
6963;Долгосрочный;20.12.2011;08.05.2019;446433;3;15475;1963
6964;Срочный;09.06.2013;22.02.2017;898012;1;99760;1964
6965;Условный;21.10.2014;15.05.2018;642890;1;41648;1965
6966;Депозитный;28.06.2012;24.01.2018;589803;5;76032;1966
6967;Чековый;11.09.2010;22.04.2017;528875;5;65866;1967
6968;Срочный;12.06.2010;08.04.2019;634672;4;3490;1968
6969;Долгосрочный;29.09.2015;08.04.2020;201597;5;53715;1969
6970;Накопительный;22.04.2011;16.10.2018;994645;1;26441;1970
6971;Условный;09.11.2010;30.01.2017;119803;2;75871;1971
6972;Условный;16.08.2015;30.04.2020;735145;4;84913;1972
6973;Именной;04.09.2014;06.03.2017;689998;5;91404;1973
6974;Условный;26.07.2014;20.01.2019;443052;4;14093;1974
6975;Срочный;22.05.2014;08.08.2019;553738;4;58430;1975
6976;Условный;26.07.2014;12.02.2019;461289;1;51695;1976
6977;Условный;24.09.2014;13.01.2018;652327;5;16807;1977
6978;Условный;06.04.2013;29.01.2016;602634;4;47343;1978
6979;Банковский;17.03.2011;26.12.2020;340023;5;98267;1979
6980;Долгосрочный;26.11.2010;26.10.2018;837921;3;71158;1980
6981;Именной;18.11.2012;02.08.2018;542607;5;17379;1981
6982;Накопительный;10.11.2010;09.09.2016;943666;4;10125;1982
6983;Банковский;17.10.2013;01.08.2018;753460;4;33608;1983
6984;Накопительный;14.07.2012;23.12.2018;614450;4;14771;1984
6985;Депозитный;15.04.2011;10.07.2020;444060;5;9806;1985
6986;Банковский;01.04.2013;21.11.2019;827239;5;69714;1986
6987;Долгосрочный;25.04.2015;18.03.2018;459350;4;43943;1987
6988;Целевой;12.05.2013;09.09.2018;205462;1;53352;1988
6989;Срочный;15.02.2012;13.11.2016;856197;2;50412;1989
6990;Чековый;06.04.2014;01.09.2020;420498;4;42984;1990
6991;Долгосрочный;11.03.2015;07.09.2017;568154;3;80751;1991
6992;Именной;28.06.2012;23.01.2016;958043;4;63709;1992
6993;Чековый;16.12.2013;12.08.2018;866317;4;36485;1993
6994;Долгосрочный;04.08.2012;10.02.2020;103223;3;87101;1994
6995;Именной;17.03.2010;04.08.2016;599478;5;39082;1995
6996;Депозитный;15.12.2010;28.11.2018;761506;2;69613;1996
6997;Условный;25.07.2015;13.08.2017;872460;4;89081;1997
6998;Целевой;14.04.2012;11.09.2016;113260;3;35368;1998
6999;Чековый;01.02.2011;15.04.2017;566152;3;935;1999
7000;Долгосрочный;05.12.2015;18.09.2016;671289;5;18930;2000
