idOrder;Type;Date_and_time;Cost;idMini-cafe;idClient
8001;Вода;2015-05-08 03:50:08;20;9001;1001
8002;Сок;2018-09-23 08:47:23;30;9002;1002
8003;Чай;2020-01-29 09:37:29;30;9003;1003
8004;Кофе;2018-01-09 19:59:09;40;9004;1004
8005;Сок;2020-05-11 07:05:11;30;9005;1005
8006;Кофе;2014-03-05 03:07:05;40;9006;1006
8007;Вода;2016-02-20 04:09:20;20;9007;1007
8008;Сок;2019-01-02 20:17:02;30;9008;1008
8009;Вода;2016-03-16 22:42:16;20;9009;1009
8010;Кофе;2014-02-05 19:31:05;40;9010;1010
8011;Сок;2010-03-22 18:00:22;30;9011;1011
8012;Кофе;2017-08-30 21:09:30;40;9012;1012
8013;Кофе;2020-05-26 20:03:26;40;9013;1013
8014;Кофе;2011-02-20 22:11:20;40;9014;1014
8015;Вода;2013-01-19 16:58:19;20;9015;1015
8016;Кофе;2011-07-17 02:42:17;40;9016;1016
8017;Кофе;2010-10-05 12:21:05;40;9017;1017
8018;Кофе;2014-08-07 10:11:07;40;9018;1018
8019;Кофе;2020-05-28 16:42:28;40;9019;1019
8020;Сок;2017-08-03 09:57:03;30;9020;1020
8021;Кофе;2018-11-20 20:43:20;40;9021;1021
8022;Чай;2011-12-18 05:28:18;30;9022;1022
8023;Сок;2018-08-09 22:44:09;30;9023;1023
8024;Чай;2011-09-09 20:47:09;30;9024;1024
8025;Чай;2014-09-10 14:07:10;30;9025;1025
8026;Сок;2018-05-19 16:51:19;30;9026;1026
8027;Вода;2012-01-05 18:31:05;20;9027;1027
8028;Вода;2011-02-21 05:58:21;20;9028;1028
8029;Вода;2010-11-16 17:24:16;20;9029;1029
8030;Кофе;2016-03-05 04:03:05;40;9030;1030
8031;Чай;2017-07-16 01:19:16;30;9031;1031
8032;Кофе;2014-03-01 13:08:01;40;9032;1032
8033;Сок;2013-06-08 03:19:08;30;9033;1033
8034;Чай;2015-05-07 09:38:07;30;9034;1034
8035;Чай;2015-02-25 18:19:25;30;9035;1035
8036;Вода;2016-05-27 10:48:27;20;9036;1036
8037;Сок;2016-03-03 00:28:03;30;9037;1037
8038;Сок;2015-01-22 03:03:22;30;9038;1038
8039;Сок;2019-05-10 10:33:10;30;9039;1039
8040;Вода;2016-06-05 20:22:05;20;9040;1040
8041;Чай;2017-03-05 09:20:05;30;9041;1041
8042;Сок;2020-02-24 12:38:24;30;9042;1042
8043;Кофе;2018-09-14 16:57:14;40;9043;1043
8044;Сок;2010-03-23 08:04:23;30;9044;1044
8045;Сок;2013-05-03 14:16:03;30;9045;1045
8046;Вода;2013-08-20 17:33:20;20;9046;1046
8047;Кофе;2014-04-18 18:17:18;40;9047;1047
8048;Вода;2018-09-13 17:03:13;20;9048;1048
8049;Чай;2016-11-04 19:30:04;30;9049;1049
8050;Вода;2017-03-11 07:55:11;20;9050;1050
8051;Кофе;2014-04-14 21:15:14;40;9051;1051
8052;Кофе;2016-03-10 11:20:10;40;9052;1052
8053;Кофе;2016-09-05 13:08:05;40;9053;1053
8054;Кофе;2019-09-06 20:39:06;40;9054;1054
8055;Сок;2017-05-11 22:21:11;30;9055;1055
8056;Кофе;2012-12-10 07:47:10;40;9056;1056
8057;Чай;2017-02-15 03:09:15;30;9057;1057
8058;Кофе;2015-08-18 07:35:18;40;9058;1058
8059;Сок;2018-04-07 20:03:07;30;9059;1059
8060;Вода;2016-08-21 16:12:21;20;9060;1060
8061;Чай;2010-04-05 05:24:05;30;9061;1061
8062;Вода;2010-09-24 15:26:24;20;9062;1062
8063;Чай;2013-04-16 02:37:16;30;9063;1063
8064;Вода;2015-11-15 03:11:15;20;9064;1064
8065;Вода;2014-06-15 07:37:15;20;9065;1065
8066;Кофе;2016-05-10 05:45:10;40;9066;1066
8067;Сок;2016-10-07 08:13:07;30;9067;1067
8068;Кофе;2018-08-29 00:15:29;40;9068;1068
8069;Чай;2013-11-19 05:25:19;30;9069;1069
8070;Кофе;2011-01-20 10:59:20;40;9070;1070
8071;Кофе;2011-08-02 16:53:02;40;9071;1071
8072;Вода;2013-12-13 19:48:13;20;9072;1072
8073;Кофе;2019-01-05 14:16:05;40;9073;1073
8074;Вода;2012-01-13 02:29:13;20;9074;1074
8075;Вода;2020-08-30 10:34:30;20;9075;1075
8076;Кофе;2010-02-06 19:06:06;40;9076;1076
8077;Чай;2017-02-09 09:32:09;30;9077;1077
8078;Кофе;2014-09-06 22:26:06;40;9078;1078
8079;Вода;2013-06-27 09:03:27;20;9079;1079
8080;Сок;2018-05-24 08:16:24;30;9080;1080
8081;Вода;2010-09-26 10:27:26;20;9081;1081
8082;Кофе;2020-01-21 03:53:21;40;9082;1082
8083;Вода;2010-07-30 09:58:30;20;9083;1083
8084;Кофе;2014-07-17 14:20:17;40;9084;1084
8085;Кофе;2012-04-01 20:06:01;40;9085;1085
8086;Вода;2018-05-22 22:50:22;20;9086;1086
8087;Сок;2012-01-01 00:54:01;30;9087;1087
8088;Кофе;2010-03-03 21:10:03;40;9088;1088
8089;Сок;2016-04-21 13:29:21;30;9089;1089
8090;Вода;2016-07-31 22:04:31;20;9090;1090
8091;Вода;2013-11-15 19:16:15;20;9091;1091
8092;Сок;2014-04-30 05:32:30;30;9092;1092
8093;Вода;2016-05-11 21:27:11;20;9093;1093
8094;Сок;2010-09-16 15:18:16;30;9094;1094
8095;Чай;2013-11-11 20:20:11;30;9095;1095
8096;Вода;2016-12-26 21:05:26;20;9096;1096
8097;Кофе;2010-02-27 22:43:27;40;9097;1097
8098;Сок;2013-07-05 03:06:05;30;9098;1098
8099;Кофе;2016-09-04 09:17:04;40;9099;1099
8100;Кофе;2016-07-18 18:19:18;40;9100;1100
8101;Кофе;2016-03-31 03:55:31;40;9101;1101
8102;Вода;2015-11-29 08:55:29;20;9102;1102
8103;Чай;2017-07-28 05:09:28;30;9103;1103
8104;Сок;2014-04-26 00:37:26;30;9104;1104
8105;Сок;2013-06-22 19:31:22;30;9105;1105
8106;Вода;2014-06-30 19:05:30;20;9106;1106
8107;Кофе;2018-11-09 04:52:09;40;9107;1107
8108;Чай;2020-01-15 12:15:15;30;9108;1108
8109;Сок;2012-06-22 11:52:22;30;9109;1109
8110;Чай;2017-01-10 18:47:10;30;9110;1110
8111;Чай;2013-05-19 19:14:19;30;9111;1111
8112;Чай;2013-05-16 06:22:16;30;9112;1112
8113;Вода;2017-03-09 15:12:09;20;9113;1113
8114;Чай;2014-12-09 04:07:09;30;9114;1114
8115;Сок;2012-01-14 12:53:14;30;9115;1115
8116;Вода;2015-05-25 00:57:25;20;9116;1116
8117;Кофе;2019-05-06 23:37:06;40;9117;1117
8118;Чай;2010-11-01 18:00:01;30;9118;1118
8119;Чай;2016-04-10 12:23:10;30;9119;1119
8120;Чай;2017-02-11 18:55:11;30;9120;1120
8121;Кофе;2014-12-25 03:07:25;40;9121;1121
8122;Чай;2012-12-28 18:17:28;30;9122;1122
8123;Кофе;2012-08-02 22:09:02;40;9123;1123
8124;Сок;2017-12-15 04:00:15;30;9124;1124
8125;Чай;2020-12-02 23:33:02;30;9125;1125
8126;Сок;2018-11-10 09:39:10;30;9126;1126
8127;Чай;2011-01-04 12:29:04;30;9127;1127
8128;Кофе;2020-04-06 00:52:06;40;9128;1128
8129;Кофе;2014-04-17 06:38:17;40;9129;1129
8130;Чай;2020-07-22 07:41:22;30;9130;1130
8131;Сок;2017-08-17 03:32:17;30;9131;1131
8132;Чай;2012-10-22 23:00:22;30;9132;1132
8133;Сок;2015-01-05 01:58:05;30;9133;1133
8134;Чай;2010-05-19 02:50:19;30;9134;1134
8135;Кофе;2018-01-27 05:21:27;40;9135;1135
8136;Сок;2020-04-12 16:48:12;30;9136;1136
8137;Сок;2014-04-20 07:03:20;30;9137;1137
8138;Вода;2019-04-16 20:25:16;20;9138;1138
8139;Сок;2016-01-11 05:51:11;30;9139;1139
8140;Вода;2020-10-17 17:32:17;20;9140;1140
8141;Сок;2013-03-05 03:15:05;30;9141;1141
8142;Сок;2012-06-03 12:38:03;30;9142;1142
8143;Чай;2016-09-19 06:50:19;30;9143;1143
8144;Вода;2017-05-20 17:19:20;20;9144;1144
8145;Чай;2016-12-10 15:45:10;30;9145;1145
8146;Чай;2015-08-03 14:34:03;30;9146;1146
8147;Вода;2010-06-01 11:58:01;20;9147;1147
8148;Кофе;2010-07-04 01:11:04;40;9148;1148
8149;Кофе;2018-09-19 05:42:19;40;9149;1149
8150;Кофе;2010-10-07 12:10:07;40;9150;1150
8151;Сок;2010-12-09 14:48:09;30;9151;1151
8152;Сок;2014-07-15 07:01:15;30;9152;1152
8153;Сок;2015-11-26 02:04:26;30;9153;1153
8154;Кофе;2018-08-10 02:14:10;40;9154;1154
8155;Чай;2017-02-25 10:43:25;30;9155;1155
8156;Сок;2019-04-11 17:35:11;30;9156;1156
8157;Вода;2015-09-13 17:42:13;20;9157;1157
8158;Чай;2015-12-08 04:30:08;30;9158;1158
8159;Чай;2018-06-23 09:03:23;30;9159;1159
8160;Сок;2017-06-13 20:30:13;30;9160;1160
8161;Кофе;2018-08-10 13:20:10;40;9161;1161
8162;Сок;2018-04-01 01:31:01;30;9162;1162
8163;Чай;2011-05-15 20:58:15;30;9163;1163
8164;Сок;2010-03-15 20:17:15;30;9164;1164
8165;Вода;2012-12-05 05:35:05;20;9165;1165
8166;Кофе;2019-03-18 22:45:18;40;9166;1166
8167;Кофе;2015-11-01 23:28:01;40;9167;1167
8168;Чай;2012-08-05 02:21:05;30;9168;1168
8169;Сок;2013-04-01 06:54:01;30;9169;1169
8170;Вода;2018-03-01 12:30:01;20;9170;1170
8171;Сок;2014-12-06 19:31:06;30;9171;1171
8172;Кофе;2015-02-12 16:55:12;40;9172;1172
8173;Вода;2010-12-19 13:41:19;20;9173;1173
8174;Чай;2014-08-14 09:59:14;30;9174;1174
8175;Вода;2015-04-04 01:53:04;20;9175;1175
8176;Вода;2011-03-08 23:09:08;20;9176;1176
8177;Вода;2012-10-04 18:07:04;20;9177;1177
8178;Вода;2013-10-04 17:16:04;20;9178;1178
8179;Вода;2019-06-17 13:14:17;20;9179;1179
8180;Вода;2013-08-13 21:03:13;20;9180;1180
8181;Вода;2013-02-11 20:20:11;20;9181;1181
8182;Чай;2020-12-07 11:19:07;30;9182;1182
8183;Сок;2020-09-25 14:08:25;30;9183;1183
8184;Сок;2016-03-05 15:30:05;30;9184;1184
8185;Вода;2010-10-26 16:19:26;20;9185;1185
8186;Сок;2014-03-07 03:56:07;30;9186;1186
8187;Кофе;2019-04-29 14:59:29;40;9187;1187
8188;Вода;2010-01-14 04:17:14;20;9188;1188
8189;Вода;2014-06-10 09:55:10;20;9189;1189
8190;Чай;2015-09-09 05:50:09;30;9190;1190
8191;Кофе;2017-01-07 16:04:07;40;9191;1191
8192;Кофе;2011-04-18 14:01:18;40;9192;1192
8193;Кофе;2014-11-10 00:51:10;40;9193;1193
8194;Сок;2020-05-01 14:36:01;30;9194;1194
8195;Сок;2011-08-27 19:34:27;30;9195;1195
8196;Вода;2011-06-21 16:12:21;20;9196;1196
8197;Сок;2012-09-29 20:44:29;30;9197;1197
8198;Кофе;2012-02-27 02:39:27;40;9198;1198
8199;Кофе;2013-08-10 17:31:10;40;9199;1199
8200;Чай;2016-01-01 11:15:01;30;9200;1200
8201;Чай;2013-01-25 01:04:25;30;9201;1201
8202;Сок;2013-11-14 01:19:14;30;9202;1202
8203;Вода;2018-04-24 03:51:24;20;9203;1203
8204;Кофе;2016-10-02 16:25:02;40;9204;1204
8205;Вода;2019-08-05 01:10:05;20;9205;1205
8206;Кофе;2015-05-14 16:49:14;40;9206;1206
8207;Сок;2011-09-28 10:21:28;30;9207;1207
8208;Чай;2019-07-06 05:50:06;30;9208;1208
8209;Сок;2018-05-19 04:17:19;30;9209;1209
8210;Вода;2012-03-12 18:13:12;20;9210;1210
8211;Кофе;2019-12-02 22:41:02;40;9211;1211
8212;Вода;2016-06-24 18:31:24;20;9212;1212
8213;Кофе;2016-04-15 01:32:15;40;9213;1213
8214;Кофе;2011-02-03 21:28:03;40;9214;1214
8215;Кофе;2015-06-02 16:24:02;40;9215;1215
8216;Вода;2013-10-15 02:21:15;20;9216;1216
8217;Вода;2013-06-23 03:53:23;20;9217;1217
8218;Вода;2013-06-16 05:23:16;20;9218;1218
8219;Чай;2010-11-08 16:54:08;30;9219;1219
8220;Чай;2014-12-27 18:06:27;30;9220;1220
8221;Чай;2019-11-23 06:11:23;30;9221;1221
8222;Кофе;2020-11-11 19:40:11;40;9222;1222
8223;Кофе;2020-05-20 15:30:20;40;9223;1223
8224;Вода;2015-07-20 11:23:20;20;9224;1224
8225;Вода;2016-10-16 23:10:16;20;9225;1225
8226;Вода;2018-07-24 04:55:24;20;9226;1226
8227;Сок;2010-03-25 05:21:25;30;9227;1227
8228;Сок;2019-05-14 16:44:14;30;9228;1228
8229;Сок;2017-03-19 05:27:19;30;9229;1229
8230;Сок;2013-12-18 20:32:18;30;9230;1230
8231;Кофе;2014-02-20 17:30:20;40;9231;1231
8232;Сок;2011-04-04 01:32:04;30;9232;1232
8233;Вода;2016-07-04 19:31:04;20;9233;1233
8234;Вода;2020-02-27 16:53:27;20;9234;1234
8235;Чай;2017-12-02 12:53:02;30;9235;1235
8236;Сок;2017-06-15 22:03:15;30;9236;1236
8237;Кофе;2019-10-23 19:43:23;40;9237;1237
8238;Вода;2017-05-30 15:09:30;20;9238;1238
8239;Сок;2019-12-04 14:15:04;30;9239;1239
8240;Кофе;2012-02-16 19:24:16;40;9240;1240
8241;Вода;2014-07-24 04:16:24;20;9241;1241
8242;Сок;2013-08-26 23:24:26;30;9242;1242
8243;Сок;2014-07-20 22:19:20;30;9243;1243
8244;Чай;2010-11-06 23:37:06;30;9244;1244
8245;Сок;2019-12-28 03:17:28;30;9245;1245
8246;Чай;2016-12-26 00:36:26;30;9246;1246
8247;Чай;2019-09-27 03:36:27;30;9247;1247
8248;Чай;2010-02-14 21:34:14;30;9248;1248
8249;Кофе;2015-08-19 18:44:19;40;9249;1249
8250;Чай;2019-03-11 12:34:11;30;9250;1250
8251;Кофе;2016-06-25 22:31:25;40;9251;1251
8252;Чай;2014-11-17 17:01:17;30;9252;1252
8253;Кофе;2012-10-24 12:30:24;40;9253;1253
8254;Вода;2012-03-20 04:00:20;20;9254;1254
8255;Кофе;2020-04-28 13:22:28;40;9255;1255
8256;Вода;2010-12-17 18:38:17;20;9256;1256
8257;Вода;2016-02-27 14:18:27;20;9257;1257
8258;Сок;2015-09-07 02:28:07;30;9258;1258
8259;Вода;2020-11-05 08:19:05;20;9259;1259
8260;Кофе;2014-08-22 03:53:22;40;9260;1260
8261;Сок;2018-01-31 13:44:31;30;9261;1261
8262;Сок;2016-05-19 10:25:19;30;9262;1262
8263;Вода;2020-03-07 05:25:07;20;9263;1263
8264;Кофе;2012-02-09 03:11:09;40;9264;1264
8265;Сок;2015-04-26 20:17:26;30;9265;1265
8266;Вода;2017-10-11 17:12:11;20;9266;1266
8267;Чай;2016-07-05 04:35:05;30;9267;1267
8268;Чай;2019-12-22 15:47:22;30;9268;1268
8269;Кофе;2014-05-14 03:18:14;40;9269;1269
8270;Кофе;2012-07-04 10:58:04;40;9270;1270
8271;Сок;2020-07-22 19:35:22;30;9271;1271
8272;Вода;2013-10-10 21:49:10;20;9272;1272
8273;Вода;2015-01-18 00:02:18;20;9273;1273
8274;Чай;2020-11-15 14:50:15;30;9274;1274
8275;Кофе;2017-02-03 18:07:03;40;9275;1275
8276;Вода;2010-06-20 18:19:20;20;9276;1276
8277;Вода;2015-12-20 07:34:20;20;9277;1277
8278;Чай;2019-05-14 02:44:14;30;9278;1278
8279;Кофе;2014-06-11 05:43:11;40;9279;1279
8280;Сок;2018-12-05 07:09:05;30;9280;1280
8281;Чай;2020-01-12 18:54:12;30;9281;1281
8282;Кофе;2012-02-18 07:30:18;40;9282;1282
8283;Сок;2016-12-20 13:48:20;30;9283;1283
8284;Вода;2012-06-17 07:04:17;20;9284;1284
8285;Чай;2017-12-11 10:53:11;30;9285;1285
8286;Сок;2014-06-30 12:49:30;30;9286;1286
8287;Чай;2019-08-03 15:40:03;30;9287;1287
8288;Чай;2011-04-14 17:44:14;30;9288;1288
8289;Сок;2015-09-15 04:14:15;30;9289;1289
8290;Сок;2014-06-13 13:16:13;30;9290;1290
8291;Сок;2013-04-04 10:28:04;30;9291;1291
8292;Сок;2011-01-16 07:39:16;30;9292;1292
8293;Вода;2018-02-08 03:33:08;20;9293;1293
8294;Кофе;2011-03-01 02:18:01;40;9294;1294
8295;Сок;2012-06-27 11:16:27;30;9295;1295
8296;Вода;2010-04-22 22:12:22;20;9296;1296
8297;Вода;2012-03-31 09:21:31;20;9297;1297
8298;Сок;2020-06-22 08:14:22;30;9298;1298
8299;Кофе;2016-10-30 08:57:30;40;9299;1299
8300;Чай;2016-01-21 03:38:21;30;9300;1300
8301;Вода;2017-01-05 05:58:05;20;9301;1301
8302;Кофе;2014-05-27 10:17:27;40;9302;1302
8303;Чай;2016-05-21 08:21:21;30;9303;1303
8304;Кофе;2016-03-16 19:07:16;40;9304;1304
8305;Чай;2011-08-05 21:37:05;30;9305;1305
8306;Кофе;2014-08-14 22:31:14;40;9306;1306
8307;Чай;2019-04-22 16:07:22;30;9307;1307
8308;Вода;2018-02-02 08:38:02;20;9308;1308
8309;Вода;2017-12-21 20:26:21;20;9309;1309
8310;Вода;2020-12-25 09:52:25;20;9310;1310
8311;Сок;2013-04-14 04:47:14;30;9311;1311
8312;Чай;2020-12-14 13:06:14;30;9312;1312
8313;Кофе;2018-06-05 10:22:05;40;9313;1313
8314;Кофе;2017-01-10 20:10:10;40;9314;1314
8315;Сок;2015-01-22 20:47:22;30;9315;1315
8316;Чай;2010-06-25 18:14:25;30;9316;1316
8317;Кофе;2016-01-16 07:18:16;40;9317;1317
8318;Сок;2019-06-12 04:08:12;30;9318;1318
8319;Кофе;2020-12-03 04:24:03;40;9319;1319
8320;Чай;2019-04-07 14:43:07;30;9320;1320
8321;Сок;2018-03-08 22:58:08;30;9321;1321
8322;Кофе;2017-08-09 19:19:09;40;9322;1322
8323;Чай;2012-03-18 17:48:18;30;9323;1323
8324;Кофе;2011-04-29 10:02:29;40;9324;1324
8325;Кофе;2020-01-11 04:56:11;40;9325;1325
8326;Кофе;2012-01-21 02:10:21;40;9326;1326
8327;Чай;2015-10-20 17:02:20;30;9327;1327
8328;Сок;2019-08-07 16:35:07;30;9328;1328
8329;Сок;2010-01-17 16:43:17;30;9329;1329
8330;Сок;2020-01-03 20:02:03;30;9330;1330
8331;Вода;2010-08-18 08:01:18;20;9331;1331
8332;Сок;2019-06-15 15:37:15;30;9332;1332
8333;Сок;2019-07-01 09:40:01;30;9333;1333
8334;Вода;2014-11-05 19:06:05;20;9334;1334
8335;Кофе;2010-03-02 10:33:02;40;9335;1335
8336;Вода;2011-03-05 17:17:05;20;9336;1336
8337;Кофе;2017-12-11 03:00:11;40;9337;1337
8338;Сок;2019-08-19 04:25:19;30;9338;1338
8339;Вода;2012-12-08 22:17:08;20;9339;1339
8340;Кофе;2014-06-19 00:35:19;40;9340;1340
8341;Вода;2017-10-01 23:50:01;20;9341;1341
8342;Кофе;2013-08-04 03:59:04;40;9342;1342
8343;Вода;2019-01-04 06:46:04;20;9343;1343
8344;Сок;2018-12-15 21:24:15;30;9344;1344
8345;Чай;2013-07-27 23:09:27;30;9345;1345
8346;Сок;2014-08-19 08:35:19;30;9346;1346
8347;Кофе;2013-07-03 01:26:03;40;9347;1347
8348;Чай;2011-09-11 08:31:11;30;9348;1348
8349;Сок;2020-11-06 07:48:06;30;9349;1349
8350;Вода;2018-10-27 07:56:27;20;9350;1350
8351;Вода;2016-01-31 09:33:31;20;9351;1351
8352;Чай;2015-08-28 15:34:28;30;9352;1352
8353;Сок;2015-05-07 04:30:07;30;9353;1353
8354;Вода;2016-11-28 02:36:28;20;9354;1354
8355;Сок;2020-06-14 12:18:14;30;9355;1355
8356;Кофе;2018-03-26 17:02:26;40;9356;1356
8357;Сок;2015-08-09 23:52:09;30;9357;1357
8358;Сок;2010-10-24 16:02:24;30;9358;1358
8359;Кофе;2010-11-17 04:44:17;40;9359;1359
8360;Сок;2020-09-27 16:20:27;30;9360;1360
8361;Вода;2011-06-20 00:24:20;20;9361;1361
8362;Кофе;2019-02-13 10:34:13;40;9362;1362
8363;Сок;2011-08-28 07:45:28;30;9363;1363
8364;Сок;2010-12-02 09:42:02;30;9364;1364
8365;Вода;2013-07-27 20:26:27;20;9365;1365
8366;Кофе;2016-08-03 19:23:03;40;9366;1366
8367;Чай;2015-08-23 08:10:23;30;9367;1367
8368;Вода;2012-06-04 22:18:04;20;9368;1368
8369;Сок;2014-11-09 22:12:09;30;9369;1369
8370;Вода;2016-08-29 14:35:29;20;9370;1370
8371;Вода;2011-09-25 18:38:25;20;9371;1371
8372;Чай;2013-05-05 00:08:05;30;9372;1372
8373;Кофе;2018-01-21 23:48:21;40;9373;1373
8374;Сок;2010-12-08 15:05:08;30;9374;1374
8375;Вода;2012-05-16 17:41:16;20;9375;1375
8376;Сок;2015-09-04 14:05:04;30;9376;1376
8377;Сок;2019-03-16 15:14:16;30;9377;1377
8378;Кофе;2018-09-09 02:44:09;40;9378;1378
8379;Кофе;2015-01-20 09:45:20;40;9379;1379
8380;Чай;2018-11-05 07:55:05;30;9380;1380
8381;Сок;2013-02-15 18:20:15;30;9381;1381
8382;Вода;2015-05-16 06:13:16;20;9382;1382
8383;Чай;2018-10-24 13:08:24;30;9383;1383
8384;Кофе;2014-03-16 02:16:16;40;9384;1384
8385;Вода;2020-12-10 02:51:10;20;9385;1385
8386;Чай;2015-02-08 17:08:08;30;9386;1386
8387;Сок;2018-09-27 23:59:27;30;9387;1387
8388;Кофе;2012-07-08 10:39:08;40;9388;1388
8389;Кофе;2018-07-31 18:22:31;40;9389;1389
8390;Чай;2010-03-07 01:53:07;30;9390;1390
8391;Чай;2011-06-19 04:22:19;30;9391;1391
8392;Чай;2016-06-23 03:27:23;30;9392;1392
8393;Вода;2019-04-03 14:23:03;20;9393;1393
8394;Чай;2020-07-23 09:51:23;30;9394;1394
8395;Вода;2011-08-31 14:11:31;20;9395;1395
8396;Вода;2015-03-14 15:55:14;20;9396;1396
8397;Кофе;2012-12-25 20:15:25;40;9397;1397
8398;Вода;2011-05-21 17:11:21;20;9398;1398
8399;Чай;2013-07-26 07:13:26;30;9399;1399
8400;Сок;2011-09-17 16:12:17;30;9400;1400
8401;Чай;2016-01-28 13:11:28;30;9401;1401
8402;Сок;2019-06-17 10:59:17;30;9402;1402
8403;Кофе;2018-06-12 11:09:12;40;9403;1403
8404;Сок;2017-06-22 13:19:22;30;9404;1404
8405;Чай;2010-08-22 02:19:22;30;9405;1405
8406;Сок;2015-10-07 01:11:07;30;9406;1406
8407;Кофе;2018-02-13 19:32:13;40;9407;1407
8408;Сок;2013-11-13 21:08:13;30;9408;1408
8409;Вода;2016-02-01 16:37:01;20;9409;1409
8410;Вода;2020-12-14 08:38:14;20;9410;1410
8411;Сок;2011-06-17 03:46:17;30;9411;1411
8412;Чай;2012-09-09 22:26:09;30;9412;1412
8413;Чай;2017-08-11 20:56:11;30;9413;1413
8414;Сок;2011-11-06 05:01:06;30;9414;1414
8415;Чай;2020-11-13 21:09:13;30;9415;1415
8416;Кофе;2017-08-30 04:51:30;40;9416;1416
8417;Кофе;2015-09-21 23:59:21;40;9417;1417
8418;Кофе;2014-12-11 20:54:11;40;9418;1418
8419;Кофе;2020-10-25 10:51:25;40;9419;1419
8420;Кофе;2018-12-07 20:53:07;40;9420;1420
8421;Сок;2020-09-15 18:25:15;30;9421;1421
8422;Кофе;2012-11-28 13:44:28;40;9422;1422
8423;Вода;2020-04-23 21:56:23;20;9423;1423
8424;Сок;2020-07-24 07:56:24;30;9424;1424
8425;Вода;2014-03-01 16:40:01;20;9425;1425
8426;Вода;2016-02-01 23:52:01;20;9426;1426
8427;Сок;2013-05-27 09:16:27;30;9427;1427
8428;Кофе;2013-01-16 16:15:16;40;9428;1428
8429;Вода;2020-06-25 15:07:25;20;9429;1429
8430;Чай;2012-12-24 18:28:24;30;9430;1430
8431;Чай;2017-09-09 13:42:09;30;9431;1431
8432;Вода;2011-10-13 04:58:13;20;9432;1432
8433;Вода;2013-05-08 05:59:08;20;9433;1433
8434;Сок;2019-10-11 23:37:11;30;9434;1434
8435;Сок;2013-10-29 05:51:29;30;9435;1435
8436;Сок;2018-08-11 22:06:11;30;9436;1436
8437;Кофе;2020-03-31 13:24:31;40;9437;1437
8438;Сок;2019-11-01 16:17:01;30;9438;1438
8439;Сок;2017-01-01 18:18:01;30;9439;1439
8440;Чай;2016-04-13 00:33:13;30;9440;1440
8441;Сок;2017-12-17 09:18:17;30;9441;1441
8442;Вода;2013-03-05 08:16:05;20;9442;1442
8443;Чай;2016-06-18 13:27:18;30;9443;1443
8444;Сок;2017-12-21 10:04:21;30;9444;1444
8445;Чай;2015-01-24 21:34:24;30;9445;1445
8446;Сок;2010-12-31 10:17:31;30;9446;1446
8447;Чай;2013-12-31 15:36:31;30;9447;1447
8448;Чай;2017-10-12 05:18:12;30;9448;1448
8449;Чай;2013-06-07 01:57:07;30;9449;1449
8450;Сок;2019-03-06 19:54:06;30;9450;1450
8451;Сок;2018-06-09 02:54:09;30;9451;1451
8452;Сок;2018-03-23 05:44:23;30;9452;1452
8453;Вода;2013-09-26 06:01:26;20;9453;1453
8454;Чай;2010-10-03 09:35:03;30;9454;1454
8455;Чай;2018-03-03 15:25:03;30;9455;1455
8456;Чай;2013-09-29 11:47:29;30;9456;1456
8457;Сок;2020-12-10 13:16:10;30;9457;1457
8458;Сок;2019-06-10 10:37:10;30;9458;1458
8459;Кофе;2019-08-14 23:03:14;40;9459;1459
8460;Чай;2018-03-15 16:41:15;30;9460;1460
8461;Чай;2016-10-27 11:03:27;30;9461;1461
8462;Чай;2013-02-14 05:14:14;30;9462;1462
8463;Сок;2019-10-05 09:36:05;30;9463;1463
8464;Сок;2015-05-21 18:36:21;30;9464;1464
8465;Чай;2020-06-07 06:36:07;30;9465;1465
8466;Кофе;2020-05-12 10:30:12;40;9466;1466
8467;Чай;2011-08-16 08:45:16;30;9467;1467
8468;Чай;2019-07-01 08:31:01;30;9468;1468
8469;Чай;2016-08-20 15:01:20;30;9469;1469
8470;Сок;2014-11-21 18:22:21;30;9470;1470
8471;Сок;2011-10-10 20:01:10;30;9471;1471
8472;Кофе;2014-09-01 06:20:01;40;9472;1472
8473;Сок;2016-07-31 23:18:31;30;9473;1473
8474;Кофе;2020-02-06 07:39:06;40;9474;1474
8475;Сок;2010-10-30 20:49:30;30;9475;1475
8476;Кофе;2015-06-13 00:50:13;40;9476;1476
8477;Сок;2019-03-25 02:17:25;30;9477;1477
8478;Чай;2015-07-29 04:04:29;30;9478;1478
8479;Вода;2011-12-14 02:28:14;20;9479;1479
8480;Сок;2017-04-23 09:37:23;30;9480;1480
8481;Кофе;2016-10-28 14:42:28;40;9481;1481
8482;Чай;2019-07-22 20:10:22;30;9482;1482
8483;Вода;2014-05-08 06:08:08;20;9483;1483
8484;Вода;2013-02-22 19:12:22;20;9484;1484
8485;Чай;2011-06-02 11:10:02;30;9485;1485
8486;Вода;2017-06-16 19:24:16;20;9486;1486
8487;Сок;2018-10-14 14:50:14;30;9487;1487
8488;Кофе;2020-10-08 21:00:08;40;9488;1488
8489;Вода;2020-05-05 10:09:05;20;9489;1489
8490;Сок;2011-05-18 00:07:18;30;9490;1490
8491;Чай;2011-01-24 13:31:24;30;9491;1491
8492;Кофе;2011-06-06 23:15:06;40;9492;1492
8493;Сок;2015-10-02 14:02:02;30;9493;1493
8494;Вода;2014-07-27 07:30:27;20;9494;1494
8495;Кофе;2011-07-14 00:57:14;40;9495;1495
8496;Чай;2014-04-10 15:06:10;30;9496;1496
8497;Вода;2018-01-27 21:00:27;20;9497;1497
8498;Чай;2012-12-19 01:38:19;30;9498;1498
8499;Чай;2014-08-03 01:49:03;30;9499;1499
8500;Вода;2011-11-21 02:33:21;20;9500;1500
8501;Сок;2013-07-19 13:12:19;30;9501;1501
8502;Чай;2014-09-06 13:27:06;30;9502;1502
8503;Сок;2016-03-06 06:39:06;30;9503;1503
8504;Кофе;2011-10-11 20:30:11;40;9504;1504
8505;Сок;2014-09-13 16:36:13;30;9505;1505
8506;Вода;2011-06-26 12:47:26;20;9506;1506
8507;Сок;2019-04-18 07:52:18;30;9507;1507
8508;Вода;2018-11-11 00:42:11;20;9508;1508
8509;Сок;2010-11-10 17:02:10;30;9509;1509
8510;Сок;2017-04-28 16:19:28;30;9510;1510
8511;Кофе;2017-06-22 11:47:22;40;9511;1511
8512;Кофе;2018-12-29 23:47:29;40;9512;1512
8513;Чай;2017-08-26 20:16:26;30;9513;1513
8514;Вода;2018-10-28 03:39:28;20;9514;1514
8515;Сок;2011-04-22 02:32:22;30;9515;1515
8516;Чай;2017-06-11 19:17:11;30;9516;1516
8517;Кофе;2016-06-30 15:53:30;40;9517;1517
8518;Сок;2013-10-10 01:14:10;30;9518;1518
8519;Чай;2013-12-01 02:11:01;30;9519;1519
8520;Вода;2011-05-26 17:35:26;20;9520;1520
8521;Чай;2015-02-11 13:21:11;30;9521;1521
8522;Сок;2016-08-22 22:22:22;30;9522;1522
8523;Вода;2012-06-28 10:39:28;20;9523;1523
8524;Сок;2017-06-20 17:55:20;30;9524;1524
8525;Сок;2020-01-07 06:04:07;30;9525;1525
8526;Кофе;2020-01-23 07:16:23;40;9526;1526
8527;Вода;2017-09-30 17:43:30;20;9527;1527
8528;Вода;2011-03-13 00:27:13;20;9528;1528
8529;Чай;2020-01-09 07:13:09;30;9529;1529
8530;Вода;2011-05-05 03:00:05;20;9530;1530
8531;Вода;2014-06-21 15:03:21;20;9531;1531
8532;Сок;2020-07-12 10:11:12;30;9532;1532
8533;Чай;2013-09-25 13:56:25;30;9533;1533
8534;Вода;2010-12-17 07:31:17;20;9534;1534
8535;Кофе;2010-12-21 08:13:21;40;9535;1535
8536;Сок;2010-05-10 01:01:10;30;9536;1536
8537;Сок;2015-01-23 19:12:23;30;9537;1537
8538;Сок;2012-01-27 05:39:27;30;9538;1538
8539;Чай;2011-08-14 04:36:14;30;9539;1539
8540;Сок;2019-12-19 15:41:19;30;9540;1540
8541;Чай;2014-09-14 23:51:14;30;9541;1541
8542;Кофе;2018-12-31 05:05:31;40;9542;1542
8543;Чай;2011-04-29 01:31:29;30;9543;1543
8544;Чай;2014-08-04 05:50:04;30;9544;1544
8545;Сок;2018-08-29 00:38:29;30;9545;1545
8546;Вода;2019-09-27 00:24:27;20;9546;1546
8547;Сок;2012-01-20 22:07:20;30;9547;1547
8548;Сок;2011-11-14 12:00:14;30;9548;1548
8549;Чай;2020-09-23 02:08:23;30;9549;1549
8550;Чай;2013-06-15 09:03:15;30;9550;1550
8551;Сок;2017-04-22 07:28:22;30;9551;1551
8552;Кофе;2010-05-15 07:32:15;40;9552;1552
8553;Вода;2019-01-02 04:52:02;20;9553;1553
8554;Сок;2015-12-28 11:21:28;30;9554;1554
8555;Кофе;2015-08-24 20:28:24;40;9555;1555
8556;Кофе;2017-01-27 06:43:27;40;9556;1556
8557;Чай;2010-05-18 17:09:18;30;9557;1557
8558;Сок;2010-05-10 10:31:10;30;9558;1558
8559;Кофе;2019-03-02 17:55:02;40;9559;1559
8560;Чай;2019-11-25 04:41:25;30;9560;1560
8561;Чай;2018-01-11 19:14:11;30;9561;1561
8562;Вода;2018-03-26 20:36:26;20;9562;1562
8563;Сок;2014-01-07 06:29:07;30;9563;1563
8564;Кофе;2015-03-06 13:27:06;40;9564;1564
8565;Кофе;2019-12-13 23:14:13;40;9565;1565
8566;Вода;2017-06-23 06:35:23;20;9566;1566
8567;Чай;2020-11-23 06:42:23;30;9567;1567
8568;Кофе;2013-02-26 01:54:26;40;9568;1568
8569;Сок;2020-06-01 13:06:01;30;9569;1569
8570;Кофе;2013-08-13 16:15:13;40;9570;1570
8571;Вода;2012-07-17 17:00:17;20;9571;1571
8572;Кофе;2010-07-07 03:47:07;40;9572;1572
8573;Вода;2011-07-06 04:43:06;20;9573;1573
8574;Вода;2012-05-07 00:20:07;20;9574;1574
8575;Чай;2018-03-30 01:41:30;30;9575;1575
8576;Кофе;2017-11-05 09:45:05;40;9576;1576
8577;Вода;2011-08-08 09:48:08;20;9577;1577
8578;Сок;2014-01-17 16:23:17;30;9578;1578
8579;Сок;2019-05-04 22:53:04;30;9579;1579
8580;Чай;2010-03-05 03:19:05;30;9580;1580
8581;Кофе;2015-11-12 23:58:12;40;9581;1581
8582;Вода;2019-03-31 00:51:31;20;9582;1582
8583;Вода;2020-09-15 12:40:15;20;9583;1583
8584;Кофе;2020-06-08 20:51:08;40;9584;1584
8585;Вода;2012-10-06 14:40:06;20;9585;1585
8586;Сок;2012-03-03 21:05:03;30;9586;1586
8587;Кофе;2012-04-12 00:58:12;40;9587;1587
8588;Чай;2012-12-30 19:38:30;30;9588;1588
8589;Чай;2011-07-28 05:18:28;30;9589;1589
8590;Сок;2010-03-14 23:16:14;30;9590;1590
8591;Сок;2018-07-13 07:33:13;30;9591;1591
8592;Сок;2010-02-21 09:47:21;30;9592;1592
8593;Чай;2014-11-04 15:04:04;30;9593;1593
8594;Кофе;2014-05-24 12:28:24;40;9594;1594
8595;Чай;2015-12-26 06:05:26;30;9595;1595
8596;Вода;2020-07-29 18:20:29;20;9596;1596
8597;Чай;2012-12-09 23:05:09;30;9597;1597
8598;Кофе;2014-12-25 16:38:25;40;9598;1598
8599;Кофе;2015-09-16 08:08:16;40;9599;1599
8600;Кофе;2011-12-06 05:09:06;40;9600;1600
8601;Чай;2011-07-09 04:19:09;30;9601;1601
8602;Вода;2018-11-13 02:36:13;20;9602;1602
8603;Чай;2013-10-28 03:05:28;30;9603;1603
8604;Вода;2015-04-01 19:00:01;20;9604;1604
8605;Вода;2015-01-11 13:38:11;20;9605;1605
8606;Сок;2011-02-15 08:04:15;30;9606;1606
8607;Чай;2018-12-27 18:16:27;30;9607;1607
8608;Чай;2020-07-04 17:32:04;30;9608;1608
8609;Кофе;2010-03-24 05:47:24;40;9609;1609
8610;Вода;2015-06-30 09:36:30;20;9610;1610
8611;Вода;2013-12-02 10:50:02;20;9611;1611
8612;Сок;2015-02-08 23:15:08;30;9612;1612
8613;Вода;2015-08-25 15:20:25;20;9613;1613
8614;Чай;2011-11-26 06:39:26;30;9614;1614
8615;Сок;2015-11-14 23:49:14;30;9615;1615
8616;Чай;2011-05-09 15:32:09;30;9616;1616
8617;Сок;2010-02-23 00:47:23;30;9617;1617
8618;Чай;2018-12-05 09:33:05;30;9618;1618
8619;Вода;2016-02-22 06:08:22;20;9619;1619
8620;Вода;2018-12-26 14:40:26;20;9620;1620
8621;Кофе;2015-05-10 00:30:10;40;9621;1621
8622;Сок;2011-05-06 03:30:06;30;9622;1622
8623;Кофе;2018-08-04 16:36:04;40;9623;1623
8624;Кофе;2017-08-31 21:45:31;40;9624;1624
8625;Вода;2013-03-19 00:42:19;20;9625;1625
8626;Сок;2013-07-28 08:33:28;30;9626;1626
8627;Вода;2012-02-12 19:52:12;20;9627;1627
8628;Вода;2017-06-23 06:50:23;20;9628;1628
8629;Чай;2017-06-16 19:29:16;30;9629;1629
8630;Кофе;2017-03-22 19:41:22;40;9630;1630
8631;Кофе;2020-02-27 18:29:27;40;9631;1631
8632;Сок;2020-06-03 16:46:03;30;9632;1632
8633;Чай;2013-02-11 22:50:11;30;9633;1633
8634;Кофе;2019-07-29 18:42:29;40;9634;1634
8635;Кофе;2018-03-17 16:51:17;40;9635;1635
8636;Сок;2014-12-04 19:21:04;30;9636;1636
8637;Сок;2017-01-05 08:37:05;30;9637;1637
8638;Сок;2018-01-27 10:18:27;30;9638;1638
8639;Вода;2016-04-22 09:18:22;20;9639;1639
8640;Чай;2014-05-02 11:11:02;30;9640;1640
8641;Сок;2017-04-13 18:33:13;30;9641;1641
8642;Кофе;2015-11-03 10:04:03;40;9642;1642
8643;Кофе;2020-07-16 15:57:16;40;9643;1643
8644;Чай;2018-05-31 05:48:31;30;9644;1644
8645;Чай;2011-11-02 06:16:02;30;9645;1645
8646;Сок;2016-03-02 08:27:02;30;9646;1646
8647;Сок;2016-07-16 22:53:16;30;9647;1647
8648;Сок;2018-11-11 21:35:11;30;9648;1648
8649;Кофе;2013-11-23 17:12:23;40;9649;1649
8650;Кофе;2017-01-07 06:46:07;40;9650;1650
8651;Вода;2018-12-26 18:00:26;20;9651;1651
8652;Сок;2015-10-15 21:48:15;30;9652;1652
8653;Кофе;2013-06-24 08:45:24;40;9653;1653
8654;Сок;2016-07-14 05:13:14;30;9654;1654
8655;Сок;2011-02-08 03:05:08;30;9655;1655
8656;Сок;2012-03-23 22:35:23;30;9656;1656
8657;Вода;2015-11-23 06:07:23;20;9657;1657
8658;Кофе;2018-07-09 14:53:09;40;9658;1658
8659;Кофе;2016-03-01 05:50:01;40;9659;1659
8660;Вода;2019-08-19 08:56:19;20;9660;1660
8661;Вода;2014-04-02 18:26:02;20;9661;1661
8662;Вода;2015-12-14 21:43:14;20;9662;1662
8663;Кофе;2014-12-28 19:46:28;40;9663;1663
8664;Вода;2019-05-22 18:45:22;20;9664;1664
8665;Вода;2016-12-15 02:39:15;20;9665;1665
8666;Чай;2018-06-27 22:32:27;30;9666;1666
8667;Вода;2017-06-12 16:18:12;20;9667;1667
8668;Сок;2012-04-16 10:48:16;30;9668;1668
8669;Вода;2020-03-18 19:39:18;20;9669;1669
8670;Кофе;2013-12-12 13:01:12;40;9670;1670
8671;Сок;2012-12-12 04:45:12;30;9671;1671
8672;Вода;2013-01-24 20:42:24;20;9672;1672
8673;Кофе;2013-07-09 06:09:09;40;9673;1673
8674;Сок;2017-10-29 23:46:29;30;9674;1674
8675;Сок;2019-12-15 20:15:15;30;9675;1675
8676;Чай;2011-11-08 04:59:08;30;9676;1676
8677;Вода;2018-03-04 02:45:04;20;9677;1677
8678;Кофе;2012-10-18 12:14:18;40;9678;1678
8679;Вода;2014-06-22 15:53:22;20;9679;1679
8680;Кофе;2012-09-20 21:01:20;40;9680;1680
8681;Вода;2015-10-08 21:56:08;20;9681;1681
8682;Сок;2020-03-11 18:43:11;30;9682;1682
8683;Чай;2012-07-23 18:32:23;30;9683;1683
8684;Сок;2017-02-26 23:04:26;30;9684;1684
8685;Чай;2019-09-09 12:04:09;30;9685;1685
8686;Сок;2017-07-12 10:27:12;30;9686;1686
8687;Чай;2020-10-23 21:01:23;30;9687;1687
8688;Сок;2018-07-27 18:17:27;30;9688;1688
8689;Вода;2014-08-18 13:22:18;20;9689;1689
8690;Чай;2020-12-25 13:28:25;30;9690;1690
8691;Кофе;2019-11-18 17:59:18;40;9691;1691
8692;Сок;2018-10-16 06:40:16;30;9692;1692
8693;Кофе;2017-01-26 01:57:26;40;9693;1693
8694;Сок;2013-12-02 04:45:02;30;9694;1694
8695;Чай;2013-12-17 17:59:17;30;9695;1695
8696;Вода;2011-07-30 17:07:30;20;9696;1696
8697;Вода;2014-10-17 21:47:17;20;9697;1697
8698;Чай;2018-05-10 20:06:10;30;9698;1698
8699;Вода;2014-04-17 07:26:17;20;9699;1699
8700;Кофе;2010-02-06 23:22:06;40;9700;1700
8701;Вода;2016-05-17 04:44:17;20;9701;1701
8702;Вода;2012-06-30 22:14:30;20;9702;1702
8703;Вода;2011-08-31 10:38:31;20;9703;1703
8704;Сок;2019-06-16 04:05:16;30;9704;1704
8705;Кофе;2012-09-10 22:32:10;40;9705;1705
8706;Сок;2013-03-18 08:43:18;30;9706;1706
8707;Чай;2014-11-29 05:44:29;30;9707;1707
8708;Чай;2020-03-02 02:46:02;30;9708;1708
8709;Кофе;2015-05-31 10:47:31;40;9709;1709
8710;Сок;2015-07-16 00:01:16;30;9710;1710
8711;Кофе;2012-06-02 08:48:02;40;9711;1711
8712;Вода;2017-09-03 19:48:03;20;9712;1712
8713;Кофе;2018-07-04 20:58:04;40;9713;1713
8714;Сок;2020-03-12 03:25:12;30;9714;1714
8715;Сок;2010-08-12 13:45:12;30;9715;1715
8716;Чай;2014-11-03 00:27:03;30;9716;1716
8717;Чай;2014-09-28 16:25:28;30;9717;1717
8718;Вода;2017-01-26 01:09:26;20;9718;1718
8719;Кофе;2017-06-20 04:21:20;40;9719;1719
8720;Кофе;2017-06-12 14:51:12;40;9720;1720
8721;Чай;2012-03-05 04:24:05;30;9721;1721
8722;Вода;2012-09-20 10:17:20;20;9722;1722
8723;Вода;2015-01-06 14:18:06;20;9723;1723
8724;Вода;2017-09-13 06:01:13;20;9724;1724
8725;Вода;2017-09-01 00:01:01;20;9725;1725
8726;Кофе;2013-11-15 22:46:15;40;9726;1726
8727;Кофе;2019-10-25 19:07:25;40;9727;1727
8728;Чай;2010-09-26 17:50:26;30;9728;1728
8729;Кофе;2020-05-17 14:13:17;40;9729;1729
8730;Сок;2010-12-07 17:25:07;30;9730;1730
8731;Чай;2011-06-29 20:14:29;30;9731;1731
8732;Кофе;2011-02-05 15:04:05;40;9732;1732
8733;Сок;2019-04-02 17:53:02;30;9733;1733
8734;Чай;2016-06-20 19:57:20;30;9734;1734
8735;Кофе;2015-03-15 08:56:15;40;9735;1735
8736;Чай;2014-04-04 15:20:04;30;9736;1736
8737;Кофе;2017-07-18 01:44:18;40;9737;1737
8738;Чай;2015-09-26 18:55:26;30;9738;1738
8739;Чай;2019-02-27 02:24:27;30;9739;1739
8740;Чай;2013-02-10 05:10:10;30;9740;1740
8741;Кофе;2017-04-21 12:22:21;40;9741;1741
8742;Сок;2016-02-21 01:47:21;30;9742;1742
8743;Сок;2013-02-14 07:40:14;30;9743;1743
8744;Чай;2014-06-23 23:57:23;30;9744;1744
8745;Кофе;2013-11-13 20:18:13;40;9745;1745
8746;Кофе;2019-10-12 14:52:12;40;9746;1746
8747;Кофе;2015-11-23 09:39:23;40;9747;1747
8748;Кофе;2011-08-04 07:57:04;40;9748;1748
8749;Сок;2012-05-19 03:51:19;30;9749;1749
8750;Кофе;2017-11-29 07:22:29;40;9750;1750
8751;Сок;2014-10-29 07:08:29;30;9751;1751
8752;Вода;2011-08-11 18:17:11;20;9752;1752
8753;Чай;2011-04-12 09:15:12;30;9753;1753
8754;Вода;2018-06-22 11:21:22;20;9754;1754
8755;Сок;2015-04-25 00:48:25;30;9755;1755
8756;Чай;2019-02-11 12:59:11;30;9756;1756
8757;Сок;2018-10-16 18:38:16;30;9757;1757
8758;Сок;2018-07-25 09:47:25;30;9758;1758
8759;Сок;2013-04-22 05:12:22;30;9759;1759
8760;Сок;2019-08-13 02:55:13;30;9760;1760
8761;Кофе;2014-06-15 09:57:15;40;9761;1761
8762;Сок;2020-12-17 20:29:17;30;9762;1762
8763;Кофе;2011-10-17 12:43:17;40;9763;1763
8764;Чай;2018-01-12 15:52:12;30;9764;1764
8765;Сок;2020-08-04 17:04:04;30;9765;1765
8766;Чай;2017-08-14 12:09:14;30;9766;1766
8767;Вода;2015-04-24 05:41:24;20;9767;1767
8768;Сок;2011-03-21 12:27:21;30;9768;1768
8769;Чай;2019-11-01 21:44:01;30;9769;1769
8770;Кофе;2017-02-25 12:21:25;40;9770;1770
8771;Чай;2013-06-13 16:15:13;30;9771;1771
8772;Чай;2015-06-08 18:12:08;30;9772;1772
8773;Сок;2015-08-06 13:31:06;30;9773;1773
8774;Вода;2017-05-10 23:32:10;20;9774;1774
8775;Кофе;2019-05-03 18:27:03;40;9775;1775
8776;Вода;2016-11-15 15:29:15;20;9776;1776
8777;Сок;2015-08-07 01:56:07;30;9777;1777
8778;Чай;2010-09-12 11:02:12;30;9778;1778
8779;Кофе;2020-02-26 12:13:26;40;9779;1779
8780;Сок;2010-02-25 03:34:25;30;9780;1780
8781;Чай;2015-05-12 04:19:12;30;9781;1781
8782;Чай;2011-10-22 11:03:22;30;9782;1782
8783;Вода;2015-08-18 11:20:18;20;9783;1783
8784;Кофе;2014-10-21 10:35:21;40;9784;1784
8785;Вода;2014-09-08 09:54:08;20;9785;1785
8786;Вода;2018-12-29 22:39:29;20;9786;1786
8787;Чай;2012-07-13 07:29:13;30;9787;1787
8788;Чай;2014-10-13 09:34:13;30;9788;1788
8789;Сок;2012-03-10 15:48:10;30;9789;1789
8790;Кофе;2019-09-28 19:47:28;40;9790;1790
8791;Чай;2019-03-08 06:12:08;30;9791;1791
8792;Кофе;2018-12-20 02:23:20;40;9792;1792
8793;Сок;2010-10-11 14:59:11;30;9793;1793
8794;Чай;2018-03-14 11:17:14;30;9794;1794
8795;Кофе;2017-12-13 14:53:13;40;9795;1795
8796;Чай;2011-08-31 07:47:31;30;9796;1796
8797;Вода;2012-02-24 08:19:24;20;9797;1797
8798;Сок;2018-09-10 04:50:10;30;9798;1798
8799;Сок;2014-09-30 06:51:30;30;9799;1799
8800;Вода;2013-01-31 01:26:31;20;9800;1800
8801;Сок;2011-04-21 16:32:21;30;9801;1801
8802;Кофе;2020-03-19 19:01:19;40;9802;1802
8803;Кофе;2011-07-14 05:16:14;40;9803;1803
8804;Сок;2018-11-18 23:50:18;30;9804;1804
8805;Чай;2013-01-15 20:13:15;30;9805;1805
8806;Кофе;2010-12-08 23:18:08;40;9806;1806
8807;Кофе;2011-10-25 23:10:25;40;9807;1807
8808;Сок;2016-08-14 00:22:14;30;9808;1808
8809;Кофе;2015-06-14 19:52:14;40;9809;1809
8810;Чай;2017-09-10 21:58:10;30;9810;1810
8811;Кофе;2015-02-23 03:28:23;40;9811;1811
8812;Кофе;2013-04-13 17:18:13;40;9812;1812
8813;Сок;2015-06-05 23:51:05;30;9813;1813
8814;Чай;2012-07-01 18:15:01;30;9814;1814
8815;Чай;2011-08-19 22:59:19;30;9815;1815
8816;Вода;2018-10-13 21:45:13;20;9816;1816
8817;Чай;2014-02-25 12:22:25;30;9817;1817
8818;Вода;2017-01-12 02:12:12;20;9818;1818
8819;Вода;2020-05-31 16:21:31;20;9819;1819
8820;Чай;2018-06-14 01:46:14;30;9820;1820
8821;Кофе;2011-08-13 21:32:13;40;9821;1821
8822;Чай;2020-02-27 10:47:27;30;9822;1822
8823;Чай;2018-03-13 04:08:13;30;9823;1823
8824;Чай;2011-07-18 22:12:18;30;9824;1824
8825;Сок;2012-02-04 11:20:04;30;9825;1825
8826;Вода;2016-05-23 19:50:23;20;9826;1826
8827;Вода;2010-09-18 08:44:18;20;9827;1827
8828;Сок;2016-09-24 20:50:24;30;9828;1828
8829;Вода;2018-08-31 21:38:31;20;9829;1829
8830;Сок;2011-06-11 04:01:11;30;9830;1830
8831;Сок;2016-04-02 18:27:02;30;9831;1831
8832;Вода;2011-08-13 12:17:13;20;9832;1832
8833;Кофе;2016-09-14 16:08:14;40;9833;1833
8834;Вода;2016-09-01 20:57:01;20;9834;1834
8835;Чай;2016-02-26 23:28:26;30;9835;1835
8836;Кофе;2015-03-18 04:06:18;40;9836;1836
8837;Кофе;2012-05-20 14:29:20;40;9837;1837
8838;Вода;2010-08-17 07:02:17;20;9838;1838
8839;Чай;2015-04-20 03:49:20;30;9839;1839
8840;Вода;2016-06-17 08:37:17;20;9840;1840
8841;Вода;2016-03-04 08:07:04;20;9841;1841
8842;Вода;2010-07-09 05:38:09;20;9842;1842
8843;Вода;2014-08-14 13:25:14;20;9843;1843
8844;Кофе;2012-09-23 07:09:23;40;9844;1844
8845;Чай;2015-05-02 20:26:02;30;9845;1845
8846;Кофе;2011-09-28 10:56:28;40;9846;1846
8847;Чай;2016-07-31 00:03:31;30;9847;1847
8848;Чай;2015-04-19 09:48:19;30;9848;1848
8849;Сок;2012-06-05 22:37:05;30;9849;1849
8850;Кофе;2015-05-06 04:00:06;40;9850;1850
8851;Чай;2019-09-19 09:23:19;30;9851;1851
8852;Чай;2010-11-16 19:35:16;30;9852;1852
8853;Чай;2019-10-26 17:49:26;30;9853;1853
8854;Кофе;2011-07-24 12:47:24;40;9854;1854
8855;Чай;2013-02-04 04:59:04;30;9855;1855
8856;Сок;2011-02-02 20:23:02;30;9856;1856
8857;Вода;2010-02-27 04:59:27;20;9857;1857
8858;Кофе;2018-04-17 04:07:17;40;9858;1858
8859;Чай;2014-10-30 00:15:30;30;9859;1859
8860;Сок;2013-12-28 12:59:28;30;9860;1860
8861;Кофе;2020-11-23 14:59:23;40;9861;1861
8862;Вода;2020-08-11 15:42:11;20;9862;1862
8863;Сок;2011-08-02 22:29:02;30;9863;1863
8864;Кофе;2020-07-20 03:01:20;40;9864;1864
8865;Сок;2016-10-15 02:33:15;30;9865;1865
8866;Вода;2020-04-08 00:06:08;20;9866;1866
8867;Сок;2019-01-26 04:51:26;30;9867;1867
8868;Сок;2018-03-01 12:58:01;30;9868;1868
8869;Чай;2016-05-19 02:17:19;30;9869;1869
8870;Кофе;2019-03-06 04:46:06;40;9870;1870
8871;Вода;2010-07-20 14:24:20;20;9871;1871
8872;Чай;2019-02-23 22:15:23;30;9872;1872
8873;Сок;2020-07-06 20:40:06;30;9873;1873
8874;Кофе;2013-12-05 16:02:05;40;9874;1874
8875;Чай;2010-04-26 00:01:26;30;9875;1875
8876;Кофе;2011-03-29 03:07:29;40;9876;1876
8877;Вода;2017-10-29 00:04:29;20;9877;1877
8878;Чай;2012-04-13 19:06:13;30;9878;1878
8879;Сок;2011-03-26 20:32:26;30;9879;1879
8880;Чай;2018-02-04 04:42:04;30;9880;1880
8881;Сок;2012-04-05 22:41:05;30;9881;1881
8882;Кофе;2016-09-01 10:01:01;40;9882;1882
8883;Сок;2013-03-09 16:37:09;30;9883;1883
8884;Вода;2016-10-19 21:01:19;20;9884;1884
8885;Вода;2017-07-18 10:39:18;20;9885;1885
8886;Кофе;2018-09-12 07:46:12;40;9886;1886
8887;Кофе;2017-08-17 14:47:17;40;9887;1887
8888;Чай;2020-05-10 02:57:10;30;9888;1888
8889;Вода;2018-09-18 01:56:18;20;9889;1889
8890;Кофе;2015-08-25 18:09:25;40;9890;1890
8891;Вода;2011-01-19 19:28:19;20;9891;1891
8892;Чай;2017-03-10 14:16:10;30;9892;1892
8893;Сок;2010-08-05 18:24:05;30;9893;1893
8894;Вода;2015-12-17 21:52:17;20;9894;1894
8895;Вода;2014-06-28 00:57:28;20;9895;1895
8896;Чай;2020-08-24 03:36:24;30;9896;1896
8897;Сок;2014-04-23 05:46:23;30;9897;1897
8898;Чай;2011-10-06 10:30:06;30;9898;1898
8899;Вода;2012-01-12 03:25:12;20;9899;1899
8900;Кофе;2019-07-01 08:28:01;40;9900;1900
8901;Сок;2016-10-11 13:39:11;30;9901;1901
8902;Сок;2017-05-05 22:30:05;30;9902;1902
8903;Кофе;2011-04-22 12:54:22;40;9903;1903
8904;Сок;2016-06-07 23:14:07;30;9904;1904
8905;Кофе;2020-03-23 15:32:23;40;9905;1905
8906;Чай;2019-09-01 11:11:01;30;9906;1906
8907;Чай;2015-12-30 17:19:30;30;9907;1907
8908;Кофе;2011-07-26 11:12:26;40;9908;1908
8909;Чай;2014-08-30 16:45:30;30;9909;1909
8910;Вода;2016-11-14 00:46:14;20;9910;1910
8911;Вода;2020-04-29 18:28:29;20;9911;1911
8912;Сок;2018-12-05 12:28:05;30;9912;1912
8913;Чай;2016-05-26 18:34:26;30;9913;1913
8914;Сок;2012-10-07 02:18:07;30;9914;1914
8915;Кофе;2014-07-28 20:01:28;40;9915;1915
8916;Кофе;2016-12-23 12:04:23;40;9916;1916
8917;Вода;2018-07-20 06:03:20;20;9917;1917
8918;Чай;2011-04-30 01:44:30;30;9918;1918
8919;Кофе;2012-07-19 15:30:19;40;9919;1919
8920;Кофе;2020-02-05 23:52:05;40;9920;1920
8921;Кофе;2018-07-08 08:12:08;40;9921;1921
8922;Чай;2011-03-18 19:55:18;30;9922;1922
8923;Кофе;2013-02-15 00:21:15;40;9923;1923
8924;Чай;2018-01-29 06:39:29;30;9924;1924
8925;Сок;2012-07-02 13:52:02;30;9925;1925
8926;Чай;2011-03-27 04:32:27;30;9926;1926
8927;Сок;2016-09-18 07:50:18;30;9927;1927
8928;Чай;2014-08-27 20:03:27;30;9928;1928
8929;Кофе;2012-01-04 07:48:04;40;9929;1929
8930;Кофе;2015-11-25 10:09:25;40;9930;1930
8931;Чай;2019-10-12 01:09:12;30;9931;1931
8932;Чай;2010-12-17 20:34:17;30;9932;1932
8933;Чай;2016-04-29 06:35:29;30;9933;1933
8934;Сок;2018-11-14 18:14:14;30;9934;1934
8935;Вода;2020-04-28 05:20:28;20;9935;1935
8936;Сок;2011-01-24 17:36:24;30;9936;1936
8937;Чай;2018-01-21 22:42:21;30;9937;1937
8938;Кофе;2019-06-28 21:05:28;40;9938;1938
8939;Чай;2012-05-28 23:17:28;30;9939;1939
8940;Кофе;2016-06-15 13:24:15;40;9940;1940
8941;Сок;2019-08-02 04:30:02;30;9941;1941
8942;Сок;2017-04-06 09:55:06;30;9942;1942
8943;Сок;2013-08-15 23:49:15;30;9943;1943
8944;Чай;2020-07-17 15:06:17;30;9944;1944
8945;Сок;2016-08-06 16:14:06;30;9945;1945
8946;Сок;2017-05-19 10:49:19;30;9946;1946
8947;Сок;2015-08-16 01:36:16;30;9947;1947
8948;Чай;2014-02-28 22:44:28;30;9948;1948
8949;Сок;2014-07-31 10:00:31;30;9949;1949
8950;Сок;2014-03-11 00:43:11;30;9950;1950
8951;Вода;2011-08-09 13:09:09;20;9951;1951
8952;Вода;2013-01-21 17:10:21;20;9952;1952
8953;Чай;2012-04-25 05:46:25;30;9953;1953
8954;Чай;2018-09-22 15:26:22;30;9954;1954
8955;Сок;2012-10-21 20:54:21;30;9955;1955
8956;Чай;2019-05-30 20:10:30;30;9956;1956
8957;Кофе;2018-05-17 07:24:17;40;9957;1957
8958;Вода;2020-03-07 17:41:07;20;9958;1958
8959;Вода;2010-01-06 01:10:06;20;9959;1959
8960;Вода;2016-04-26 10:22:26;20;9960;1960
8961;Кофе;2012-08-22 14:37:22;40;9961;1961
8962;Вода;2013-06-06 05:02:06;20;9962;1962
8963;Кофе;2012-01-27 04:05:27;40;9963;1963
8964;Чай;2017-04-19 07:18:19;30;9964;1964
8965;Вода;2017-10-11 11:03:11;20;9965;1965
8966;Сок;2015-07-06 21:56:06;30;9966;1966
8967;Кофе;2018-05-10 21:42:10;40;9967;1967
8968;Чай;2016-10-16 11:19:16;30;9968;1968
8969;Кофе;2016-10-04 00:10:04;40;9969;1969
8970;Кофе;2016-02-21 03:43:21;40;9970;1970
8971;Кофе;2013-04-17 23:57:17;40;9971;1971
8972;Кофе;2017-08-30 15:43:30;40;9972;1972
8973;Кофе;2013-05-06 17:18:06;40;9973;1973
8974;Вода;2016-03-15 04:34:15;20;9974;1974
8975;Вода;2015-11-13 18:36:13;20;9975;1975
8976;Чай;2014-09-11 18:36:11;30;9976;1976
8977;Вода;2015-08-09 21:43:09;20;9977;1977
8978;Кофе;2011-04-07 17:34:07;40;9978;1978
8979;Сок;2019-02-03 15:21:03;30;9979;1979
8980;Вода;2011-02-04 11:01:04;20;9980;1980
8981;Кофе;2019-05-22 04:30:22;40;9981;1981
8982;Чай;2019-01-16 10:40:16;30;9982;1982
8983;Чай;2017-07-18 13:44:18;30;9983;1983
8984;Кофе;2012-12-27 12:49:27;40;9984;1984
8985;Чай;2013-11-09 00:38:09;30;9985;1985
8986;Чай;2018-12-13 10:41:13;30;9986;1986
8987;Кофе;2012-11-03 15:09:03;40;9987;1987
8988;Сок;2012-12-06 12:48:06;30;9988;1988
8989;Кофе;2019-12-18 04:59:18;40;9989;1989
8990;Сок;2012-07-21 19:20:21;30;9990;1990
8991;Кофе;2019-02-20 10:55:20;40;9991;1991
8992;Кофе;2017-05-23 04:34:23;40;9992;1992
8993;Чай;2018-12-15 08:15:15;30;9993;1993
8994;Сок;2018-02-06 01:10:06;30;9994;1994
8995;Сок;2013-08-28 18:11:28;30;9995;1995
8996;Сок;2019-04-07 22:38:07;30;9996;1996
8997;Кофе;2012-11-17 09:05:17;40;9997;1997
8998;Сок;2010-01-05 15:39:05;30;9998;1998
8999;Чай;2019-02-22 20:00:22;30;9999;1999
9000;Вода;2014-05-15 10:25:15;20;10000;2000
